state,city,neighborhood,address,name,date
ON,"Richmond Hill",,"9021 Leslie Street, Unit 14","George's Tastee","2017-07-26 00:00:00"
NV,"Las Vegas","The Strip","3708 Las Vegas Blvd S","The Cosmopolitan of Las Vegas","2017-07-25 00:00:00"
NV,"Las Vegas","The Strip","3717 Las Vegas Blvd S, Ste 2 Q, Ste 2Q & 3C","Bubba Gump Shrimp","2017-07-25 00:00:00"
NV,"Las Vegas","The Strip","3600 S Las Vegas Blvd",Lago,"2017-07-25 00:00:00"
NV,"Las Vegas","The Strip","3545 S Las Vegas Blvd, Ste L24","In-N-Out Burger","2017-07-25 00:00:00"
ON,Toronto,,"333 Lake Shore Blvd E","Nauti By Nature 4","2017-07-25 00:00:00"
NV,"Las Vegas","The Strip","3708 Las Vegas Blvd S","Wicked Spoon","2017-07-24 00:00:00"
NV,"Las Vegas","The Strip","Mgm Grand Hotel And Casino, 3799 Las Vegas Blvd S","Hakkasan Nightclub","2017-07-24 00:00:00"
NV,"Las Vegas","The Strip","The Linq Las Vegas, 3545 Las Vegas Blvd S, The Linq Las Vegas","High Roller","2017-07-24 00:00:00"
ON,Aurora,,"302 Wellington Street E, Unit 2","Kelly Massage Spa","2017-07-20 00:00:00"
ON,"Richmond Hill",,"1550 16th Avenue, Building A, Suite 4-10","Club D'Elite","2017-07-19 00:00:00"
ON,Markham,Unionville,"5308 Highway 7 E","Panash Bakery","2017-07-19 00:00:00"
ON,Markham,,"505 Highway 7 E, Unit 15, Commerce Gate","Matcha Tea & Dessert","2017-07-19 00:00:00"
ON,Toronto,Riverdale,"617 Gerrard Street E","Wong's Ice Cream & Store","2017-07-13 00:00:00"
ON,Aurora,,"650 Wellington Street E, Unit 7A","Pho An","2017-07-12 00:00:00"
ON,"Richmond Hill",,"270 W Beaver Creek Road","Jim Chai Kee","2017-07-12 00:00:00"
ON,"Richmond Hill",,"270 W Beaver Creek Road","Jim Chai Kee","2017-07-11 00:00:00"
ON,"Richmond Hill",,"270 W Beaver Creek Road","Jim Chai Kee","2017-07-11 00:00:00"
ON,Toronto,"St. Lawrence","38 Wellington St E","Yelp's Power Up Party","2017-06-30 00:00:00"
ON,Toronto,Willowdale,"28 Finch Avenue W, Unit 110","One Ten Cafe","2017-06-26 00:00:00"
ON,Toronto,Willowdale,"28 Finch Avenue W, Unit 110","One Ten Cafe","2017-06-25 00:00:00"
ON,Toronto,Niagara,"915 Queen Street W","ihalo Krunch","2017-06-17 00:00:00"
ON,"Richmond Hill",,"1070 Major Mackenzie Drive E","Touhenboku Ramen","2017-06-14 00:00:00"
ON,Newmarket,,"17155 Yonge Street",McDonald's,"2017-06-10 00:00:00"
ON,Markham,Unionville,"139 Main Street Unionville",NextDoor,"2017-06-10 00:00:00"
ON,Markham,,"505 Highway 7, Unit 54-58","KINTON RAMEN","2017-06-08 00:00:00"
ON,Markham,,"505 Highway 7, Unit 54-58","KINTON RAMEN","2017-05-31 00:00:00"
ON,Markham,,"505 Highway 7, Unit 54-58","KINTON RAMEN","2017-05-30 00:00:00"
ON,Markham,Unionville,"139 Main Street Unionville",NextDoor,"2017-05-30 00:00:00"
ON,Markham,,"505 Highway 7, Unit 50","Game Of Cheese","2017-05-28 00:00:00"
ON,Newmarket,,"201 Main Street",Chip+Malt,"2017-05-27 00:00:00"
ON,Toronto,Willowdale,"5291 Yonge Street","Cheese Garden","2017-05-24 00:00:00"
ON,Markham,,"10801 McCowan Road","Markham Fair Grounds","2017-05-24 00:00:00"
ON,"Richmond Hill",,"550 Highway 7 E, Unit 52A","Northern Dumpling Kitchen","2017-05-23 00:00:00"
ON,Newmarket,,"352 Doug Duncan Drive, Unit 2","Ground Burger Bar","2017-05-23 00:00:00"
ON,Toronto,Willowdale,"5418 Yonge Street, Suite 12","The Cups","2017-05-22 00:00:00"
ON,Toronto,Willowdale,"5095 Yonge Street, 3rd Floor","Cineplex Cinemas Empress Walk","2017-05-21 00:00:00"
ON,Toronto,Willowdale,"5095 Yonge Street, 3rd Floor","Cineplex Cinemas Empress Walk","2017-05-21 00:00:00"
ON,Aurora,,"83 First Commerce Drive","Galaxy Harbour","2017-05-21 00:00:00"
ON,Markham,Milliken,"220 Royal Crest Court, Unit 3","Wood For Sheep Hobbies","2017-05-21 00:00:00"
ON,Aurora,,"125 Pedersen Drive","Chuck's Roadhouse Bar And Grill","2017-05-19 00:00:00"
ON,Mississauga,"Port Credit","55 Lakeshore Road E","Door FiftyFive","2017-05-07 00:00:00"
ON,Markham,,"505 Highway 7 E, Unit 1",Chachago,"2017-05-04 00:00:00"
ON,Markham,,"7355 Bayview Avenue","After Queen Tea Shop","2017-04-30 00:00:00"
ON,Aurora,,"7 William Graham Drive, Unit 4","New Fusion Restaurant","2017-04-24 00:00:00"
ON,Aurora,,"7 William Graham Drive, Unit 4","New Fusion Restaurant","2017-04-24 00:00:00"
ON,Oakville,,"174 Front Street","Lakeside Park","2017-04-23 00:00:00"
ON,Oakville,,"350 Lakeshore Road E","Goldstar Cafe","2017-04-23 00:00:00"
ON,Etobicoke,Etobicoke,"256 Centennial Park Rd","Centennial Park","2017-04-22 00:00:00"
ON,Aurora,,"135 1st Commerce Dr",Wal-Mart,"2017-04-22 00:00:00"
ON,"Richmond Hill",,"550 Hwy 7 E","Pho Hong Vietnamese Noodle Soup","2017-04-22 00:00:00"
ON,Newmarket,,"200 Main Street S","The Goulash House","2017-04-22 00:00:00"
ON,Newmarket,,"200 Main Street S","The Goulash House","2017-04-22 00:00:00"
ON,Markham,"Brown's Corners","8261 Woodbine Avenue","Skyview Fusion Cuisine","2017-04-22 00:00:00"
ON,Markham,Unionville,"8601 Warden Avenue, Unit 30","Encore Karaoke & Lounge","2017-04-22 00:00:00"
ON,Markham,,"3160 Steeles Avenue E, Unit 118","Green Tea Lounge","2017-04-22 00:00:00"
ON,Markham,,"3160 Steeles Avenue E, Unit 118","Green Tea Lounge","2017-04-22 00:00:00"
ON,Scarborough,Scarborough,"4400 Sheppard Avenue E","Yummy Cantonese Restaurant","2017-04-22 00:00:00"
ON,Scarborough,Scarborough,"4400 Sheppard Avenue E","Yummy Cantonese Restaurant","2017-04-22 00:00:00"
ON,"Richmond Hill",,"108-109 550 Highway 7 E","Deer Garden Signatures","2017-04-22 00:00:00"
ON,"Richmond Hill",,"1383 16th Avenue, Unit D","Magic Noodle","2017-04-22 00:00:00"
ON,Toronto,,"488 Wellington Street W","The Cloak Bar","2017-04-22 00:00:00"
ON,Toronto,,"488 Wellington Street W","The Cloak Bar","2017-04-22 00:00:00"
ON,Markham,"Brown's Corners","First Markham Place, 3229 Highway 7 E, Unit 10","Kung Fu Noodle","2017-04-22 00:00:00"
ON,Aurora,,"7 William Graham Drive, Unit 4","New Fusion Restaurant","2017-04-22 00:00:00"
ON,Aurora,,"125 Pedersen Drive, Unit 2","Mi Ne Sushi","2017-04-16 00:00:00"
ON,Scarborough,Scarborough,"4400 Sheppard Avenue E","Yummy Cantonese Restaurant","2017-04-16 00:00:00"
ON,Toronto,Etobicoke,"4906 Dundas W","Mai Bistro","2017-04-15 00:00:00"
ON,Toronto,,"4750 Yonge Street, Unit 134",Nanashake,"2017-04-15 00:00:00"
ON,Toronto,,"4750 Yonge Street, Unit 134",Nanashake,"2017-04-15 00:00:00"
ON,"North York",,"4750 Younge St",Presotea,"2017-04-15 00:00:00"
ON,Toronto,,"488 Wellington Street W","The Cloak Bar","2017-04-14 00:00:00"
ON,Aurora,,"7 William Graham Drive, Unit 4","New Fusion Restaurant","2017-04-01 00:00:00"
ON,Mississauga,Lisgar,"3130 Argentia Rd","The Keg","2017-03-26 00:00:00"
ON,Aurora,,"15830 Bayview Avenue",Lcbo,"2017-03-22 00:00:00"
ON,Markham,,"505 Highway 7 E, Unit 1",Chachago,"2017-03-21 00:00:00"
ON,Vaughan,Kleinburg,"10512 Islington Avenue",Chartreuse,"2017-03-20 00:00:00"
ON,Vaughan,Kleinburg,"10512 Islington Ave","Longchamp Pub","2017-03-20 00:00:00"
ON,Aurora,,"7 William Graham Drive, Unit 4","New Fusion Restaurant","2017-03-20 00:00:00"
ON,Toronto,"Downtown Core","14 Temperance St","Cloud Gardens","2017-03-19 00:00:00"
ON,Aurora,,"7 William Graham Drive, Unit 4","New Fusion Restaurant","2017-03-17 00:00:00"
ON,Markham,Milliken,"220 Royal Crest Court, Unit 3","Wood For Sheep Hobbies","2017-03-16 00:00:00"
ON,Thornhill,,"7051 Yonge street","Soohyang - Korean Traditional Tea & Alcohol","2017-03-12 00:00:00"
ON,Thornhill,,"7051 Yonge street","Soohyang - Korean Traditional Tea & Alcohol","2017-03-12 00:00:00"
ON,Markham,Langstaff,"8194 Bayview Avenue","Myungdong Kalguksu","2017-03-11 00:00:00"
ON,Markham,Langstaff,"8194 Bayview Avenue","Myungdong Kalguksu","2017-03-11 00:00:00"
ON,Aurora,,"15570 Yonge Street","Father's Moustache Grill & Bar","2017-03-11 00:00:00"
ON,Aurora,,"5-125 Pedersen Drive","Sweet Nails","2017-03-09 00:00:00"
ON,Aurora,,"15570 Yonge Street","Father's Moustache Grill & Bar","2017-03-08 00:00:00"
ON,Aurora,,"444 Hollandview Trail","Dos Mariachis","2017-03-08 00:00:00"
ON,Newmarket,,"207 Eagle Street","Big Bone BBQ & Wicked Wings","2017-03-06 00:00:00"
ON,Newmarket,,"16655 Yonge Street, Unit 21","Tea Hotea","2017-03-04 00:00:00"
ON,Aurora,,"15955 Bayview Avenue, Suite 1","Chocolats Favoris","2017-03-03 00:00:00"
ON,Aurora,,"15955 Bayview Avenue, Suite 1","Chocolats Favoris","2017-03-03 00:00:00"
ON,Aurora,,"15955 Bayview Avenue, Suite 1","Chocolats Favoris","2017-03-02 00:00:00"
ON,Aurora,,"15955 Bayview Avenue, Suite 1","Chocolats Favoris","2017-03-02 00:00:00"
ON,Markham,Unionville,"8339 Kennedy Road, Unit 2659","Toast Delight","2017-03-01 00:00:00"
ON,Aurora,,"42 Temperance Street","Bijoy's Restaurant","2017-02-28 00:00:00"
ON,Aurora,,"125 Pedersen Drive, Unit 2","Mi Ne Sushi","2017-02-28 00:00:00"
ON,Aurora,,"42 Temperance Street","Bijoy's Restaurant","2017-02-28 00:00:00"
ON,Markham,Unionville,"8339 Kennedy Road, Unit 2659","Toast Delight","2017-02-26 00:00:00"
ON,Markham,"Brown's Corners","235-3255 Highway 7","Red King Kong","2017-02-26 00:00:00"
ON,Markham,"Brown's Corners","3000 Highway 7","Kiko Cafe","2017-02-25 00:00:00"
ON,Markham,Unionville,"A6-8362 Kennedy Road","Moji Japanese Eatery","2017-02-25 00:00:00"
ON,Toronto,,"485 King Street W",Baro,"2017-02-24 00:00:00"
ON,Aurora,,"82 1st Commerce Drive, Unit 5","Aurora Chinese Restaurant","2017-02-22 00:00:00"
ON,Newmarket,,"256 Main Street S","Nutmeg Bakeshop","2017-02-20 00:00:00"
ON,Newmarket,,"209 Main Street S","Lil' Brew Hops","2017-02-20 00:00:00"
ON,Aurora,,"5-15975 Bayview Avenue","Levetto Aurora","2017-02-20 00:00:00"
ON,Aurora,,"5-15975 Bayview Avenue","Levetto Aurora","2017-02-20 00:00:00"
ON,Aurora,,"42 Temperance Street","Bijoy's Restaurant","2017-02-18 00:00:00"
ON,Toronto,,"7 Station Street","Balzac's Coffee","2017-02-13 00:00:00"
ON,Toronto,"Little Portugal","227 Ossington Avenue","Restaurant La Banane","2017-02-13 00:00:00"
ON,Markham,Unionville,"8339 Kennedy Road, Unit 2659","Toast Delight","2017-02-12 00:00:00"
ON,Markham,Unionville,"8333 Kennedy Road, Suite 1078","Cha Me Cha","2017-02-11 00:00:00"
ON,Markham,Unionville,"8333 Kennedy Road, Suite 1078","Cha Me Cha","2017-02-11 00:00:00"
ON,Markham,Unionville,"158 Main Street Unionville","Uncle Tetsu's Unionville","2017-02-09 00:00:00"
ON,Markham,Unionville,"158 Main Street Unionville","Uncle Tetsu's Unionville","2017-02-09 00:00:00"
ON,Aurora,,"5-15975 Bayview Avenue","Levetto Aurora","2017-02-07 00:00:00"
ON,Toronto,,"550 Bayview Avenue","Evergreen Brick Works","2017-02-06 00:00:00"
ON,Toronto,,"550 Bayview Avenue","Evergreen Brick Works","2017-02-06 00:00:00"
ON,Toronto,,"550 Bayview Avenue","Evergreen Brick Works","2017-02-06 00:00:00"
ON,Toronto,"Summer Hill","1208 Yonge Street","Boxcar Social","2017-02-05 00:00:00"
ON,Newmarket,,"16700 Bayview Avenue, Unit 27","Pho Fusion","2017-02-03 00:00:00"
ON,Markham,,"30 Gibson Drive, Unit 120","Sweet Esc","2017-02-03 00:00:00"
ON,Aurora,,"5-15975 Bayview Avenue","Levetto Aurora","2017-01-31 00:00:00"
ON,Vaughan,,"3175 Rutherford Road, Building G, Unit 35","Picko Lime","2017-01-30 00:00:00"
ON,Toronto,"Distillery District","55 Mill Street","The Distillery District","2017-01-29 00:00:00"
ON,Toronto,"Distillery District","42 Gristmill Lane","Boku Sushi","2017-01-29 00:00:00"
ON,Toronto,"Distillery District","28 Gristmill Lane","Cacao 70","2017-01-29 00:00:00"
ON,Markham,Greensborough,"9275 Markham Road, Unit 7","Funky Munky Cafe","2017-01-28 00:00:00"
ON,Markham,Greensborough,"9275 Markham Road, Unit 7","Funky Munky Cafe","2017-01-28 00:00:00"
ON,Toronto,Willowdale,"4910 Yonge Street, Unit 101","Bake Code  - North York","2017-01-27 00:00:00"
ON,Newmarket,,"16635 Yonge Street","Molisana Bakery","2017-01-24 00:00:00"
ON,Aurora,,"21 Industry Street, Unit 5","Paws in the Bath","2017-01-24 00:00:00"
ON,Aurora,,"5-15975 Bayview Avenue","Levetto Aurora","2017-01-19 00:00:00"
ON,Aurora,,"135 1st Commerce Dr",Wal-Mart,"2017-01-15 00:00:00"
ON,Toronto,"Discovery District","1110 Bay Street","Aroma Espresso Bar","2017-01-15 00:00:00"
ON,Aurora,,"444 Hollandview Trail","Dos Mariachis","2017-01-15 00:00:00"
ON,Aurora,,"94 First Commerce Drive",LCBO,"2017-01-15 00:00:00"
ON,Aurora,,"444 Hollandview Trail, Suite B3","Izumi Japanese Restaurant","2017-01-14 00:00:00"
ON,Thornhill,Langstaff,"5 Glen Cameron Road","Home of Hot Taste","2017-01-12 00:00:00"
ON,Markham,Langstaff,"7771 Yonge Street","The Guksu and Noodle","2017-01-12 00:00:00"
ON,Toronto,Corktown,"82 Adelaide Street E, Unit C","Teddy Story","2017-01-06 00:00:00"
ON,"North York","Bayview Village","796 Sheppard Avenue E","Sunshine Spot Restaurant","2017-01-05 00:00:00"
ON,Toronto,,"3140 Dufferin Avenue, Unit 102","Swiss Chalet Rotisserie & Grill","2017-01-05 00:00:00"
ON,Toronto,Corktown,"82 Adelaide Street E, Unit C","Teddy Story","2017-01-03 00:00:00"
ON,Scarborough,Scarborough,"3059 Pharmacy Avenue","Agincourt Bakery","2016-12-31 00:00:00"
ON,Markham,Unionville,"A6-8362 Kennedy Road","Moji Japanese Eatery","2016-12-30 00:00:00"
ON,Toronto,,"10 Ravel Road, Unit 1-2","Petit Potato","2016-12-30 00:00:00"
ON,Toronto,,"879 York Mills Road, Unit 1","CASA manila","2016-12-20 00:00:00"
ON,Aurora,,"125 Pedersen Drive, Unit 2","Mi Ne Sushi","2016-12-20 00:00:00"
ON,Aurora,,"83 First Commerce Drive","Galaxy Harbour","2016-12-16 00:00:00"
ON,Markham,,"7634 Woodbine Avenue","Akiba Kissa","2016-12-02 00:00:00"
ON,Whitchurch-Stouffville,,"6140 Main Street","The Smokery Kitchen & Bar","2016-11-24 00:00:00"
ON,Brampton,,"46 Main Street N","T By Daniel","2016-11-15 00:00:00"
ON,Toronto,Leslieville,"1095 Queen Street E",Kristapsons,"2016-11-15 00:00:00"
ON,Vaughan,,"100 Steeles Avenue  W, Unit 18 & 19",Bonflavor,"2016-11-14 00:00:00"
ON,Vaughan,,"100 Steeles Avenue  W, Unit 18 & 19",Bonflavor,"2016-11-13 00:00:00"
ON,Vaughan,,"100 Steeles Avenue  W, Unit 18 & 19",Bonflavor,"2016-11-13 00:00:00"
ON,Toronto,Riverdale,"688 Gerrard Street E","Mi Mi Restaurant","2016-11-10 00:00:00"
ON,Toronto,"Church-Wellesley Village","625 Church Street","The Croissant Tree","2016-11-10 00:00:00"
ON,Toronto,Ryerson,"10 Dundas Street E, Suite 402","Cineplex Odeon Yonge & Dundas Cinemas","2016-11-10 00:00:00"
ON,Toronto,Riverdale,"449 Carlaw Avenue","Dave and Charlotte's No Frills","2016-11-10 00:00:00"
ON,Toronto,"Little Italy","577 College Street",Sidecar,"2016-11-10 00:00:00"
ON,Toronto,Leslieville,"1168 Queen Street E","Descendant Detroit Style Pizza","2016-11-06 00:00:00"
ON,Toronto,,"553 Lake Shore Boulevard W","Lakeshore Esso","2016-10-26 00:00:00"
ON,Mississauga,,"3111 Convair Drive","Toronto Pearson International Airport","2016-10-26 00:00:00"
ON,Toronto,Palmerston,"538 Manning Avenue",Yunaghi,"2016-10-26 00:00:00"
ON,Toronto,"The Beach","1970 Queen Street E","Bam! Breakfast & Bistro","2016-10-26 00:00:00"
ON,Markham,Milliken,"Pacific Mall, 4300 Steeles Avenue E, 2nd Floor","Pinoy Waffles","2016-10-26 00:00:00"
ON,Toronto,Yorkville,"832 Yonge Street","Lee Chen Asian Bistro","2016-10-25 00:00:00"
ON,Toronto,Yorkville,"832 Yonge Street","Lee Chen Asian Bistro","2016-10-25 00:00:00"
ON,"North York","Bayview Village","1110 Sheppard Aveune E","Peking Man Restaurant","2016-10-22 00:00:00"
ON,Markham,Unionville,"5362 Highway 7 E","Markville Toyota","2016-10-22 00:00:00"
ON,Markham,Milliken,"Pacific Mall, 4300 Steeles Avenue E, 2nd Floor","Pinoy Waffles","2016-10-22 00:00:00"
ON,"Richmond Hill",,"1380 Major Mackenzie Drive E, Suite G-1","Toshi Ryoriten","2016-10-21 00:00:00"
ON,Toronto,"The Beach","1970 Queen Street E","Bam! Breakfast & Bistro","2016-10-19 00:00:00"
ON,Toronto,Parkdale,"1263 Queen Street W","Doomie's Toronto","2016-09-29 00:00:00"
ON,Toronto,Yorkville,"1221 Bay Street",Planta,"2016-09-28 00:00:00"
ON,Toronto,Yorkville,"1221 Bay Street",Planta,"2016-09-26 00:00:00"
ON,Toronto,Leslieville,"1201 Dundas Street E","Carlaw Bistro","2016-09-25 00:00:00"
ON,Toronto,Downsview,"35 Carl Hall Rd","Downsview Park Allen Road","2016-09-22 00:00:00"
ON,Toronto,,"550 Bayview Avenue","Evergreen Brick Works","2016-09-22 00:00:00"
ON,Toronto,Palmerston,"538 Manning Avenue",Yunaghi,"2016-09-22 00:00:00"
ON,Markham,,"7700 Markham Road","Shoppers Drug Mart","2016-09-22 00:00:00"
ON,Toronto,Niagara,"850B Adelaide Street W","Tokyo Smoke Found","2016-09-22 00:00:00"
ON,Toronto,"Downtown Core","35 Baldwin Street","Platito Filipino Soul Food","2016-09-22 00:00:00"
ON,Unionville,Unionville,"4261 Highway 7 E","Smash Kitchen & Bar","2016-09-17 00:00:00"
ON,Toronto,,"808 York Mills Road, Unit 8","Kwan At York Mills","2016-09-16 00:00:00"
ON,Toronto,Scarborough,"1802 Pharmacy Ave","Le Cafe Michi","2016-09-15 00:00:00"
ON,"North York",,"101 Duncan Mill Road","Lucas Coffee Shop","2016-09-15 00:00:00"
ON,Markham,,"3160 Steeles Avenue E, Unit 6-11",J-Town,"2016-09-15 00:00:00"
ON,Markham,,"7010 Warden Avenue, Unit 38","Sakura Sushi","2016-09-15 00:00:00"
ON,"Richmond Hill",,"162 York Blvd.","The Keg Steakhouse + Bar - Richmond Hill","2016-09-15 00:00:00"
ON,Toronto,"Entertainment District","The Ritz-Carlton, 181 Wellington Street West","DEQ Terrace & Lounge","2016-09-15 00:00:00"
ON,Mississauga,,"301-30 Bristol Road E","Heart Sushi","2016-09-15 00:00:00"
ON,Markham,Unionville,"28 S Unionville Avenue, Unit 1036",CoolN2,"2016-09-13 00:00:00"
ON,"North York",,"101 Duncan Mill Road","Lucas Coffee Shop","2016-09-10 00:00:00"
ON,Toronto,"Downtown Core","220 Victoria Street, Suite 101","Kamiya Hairdressing","2016-09-05 00:00:00"
ON,Toronto,,"93 Harbord Street","Magic Noodle","2016-09-05 00:00:00"
ON,Toronto,,"93 Harbord Street","Magic Noodle","2016-09-03 00:00:00"
ON,"North York",,"101 Duncan Mill Road","Lucas Coffee Shop","2016-09-01 00:00:00"
ON,Markham,,"3160 Steeles Avenue E, Unit 5B","Sasaki Fine Pastry","2016-09-01 00:00:00"
ON,Markham,,"3160 Steeles Avenue E, Unit 5B","Sasaki Fine Pastry","2016-09-01 00:00:00"
ON,Toronto,,"119 Harbord Street","Her Father's Cider Bar & Kitchen","2016-08-27 00:00:00"
ON,Toronto,"The Beach","2213 Queen Sreet E","Thai House Cuisine","2016-08-20 00:00:00"
ON,Markham,"Brown's Corners","3621 Highway 7 E, Unit 118","Tendou Matcha & Dessert","2016-08-19 00:00:00"
ON,Markham,Unionville,"169 Enterprise Boulevard, 2nd Floor","Kiu Japanese Restaurant","2016-08-18 00:00:00"
ON,Markham,Unionville,"169 Enterprise Boulevard, 2nd Floor","Kiu Japanese Restaurant","2016-08-17 00:00:00"
ON,Toronto,"Upper Beach","1651 Queen Street E","Alliance Cinemas The Beach","2016-08-13 00:00:00"
ON,Toronto,,"895 Yonge Street, FL 2","Urban Nirvana","2016-08-08 00:00:00"
ON,Thornhill,Langstaff,"134 Doncaster Avenue, Unit  5","Cakes By Robert","2016-08-05 00:00:00"
ON,Toronto,"The Beach","2096 Queen Street E","Farmacia Juice Bar","2016-08-05 00:00:00"
ON,Toronto,"The Beach","2096 Queen Street E","Farmacia Juice Bar","2016-08-05 00:00:00"
ON,Toronto,"The Beach","2128 Queen Street E","360 Eyecare","2016-08-03 00:00:00"
ON,Toronto,,"77 Wynford Drive","The Aga Khan Museum","2016-08-01 00:00:00"
ON,Toronto,Cabbagetown,"252 Carlton Street","Kanpai Snack Bar","2016-07-31 00:00:00"
ON,Toronto,Leslieville,"920 Queen St E","Ed's Real Scoop","2016-07-30 00:00:00"
ON,Toronto,Riverdale,"812 Queen Street E","Bonjour Brioche","2016-07-29 00:00:00"
ON,Toronto,"Downtown Core","399 Church Street, Suite 100","JINYA Ramen Bar","2016-07-29 00:00:00"
ON,Toronto,"Downtown Core","23 Baldwin Street, Ground Unit","Light Cafe","2016-07-29 00:00:00"
ON,"Richmond Hill",,"1550 16th Avenue",Eggsmart,"2016-07-25 00:00:00"
ON,"Richmond Hill",,"1550 16th Avenue",Eggsmart,"2016-07-25 00:00:00"
ON,Toronto,"Casa Loma","1 Austin Terrace","Casa Loma Escape  Series","2016-07-25 00:00:00"
ON,Toronto,"Downtown Core","13 Baldwin Street","Kekou Gelato House","2016-07-24 00:00:00"
ON,Toronto,"The Beach","2128 Queen Street E","360 Eyecare","2016-07-23 00:00:00"
ON,Toronto,"The Beach","2128 Queen Street E","360 Eyecare","2016-07-23 00:00:00"
ON,Toronto,"Entertainment District","11 Duncan Street",Byblos,"2016-07-22 00:00:00"
ON,Toronto,"Entertainment District","11 Duncan Street",Byblos,"2016-07-22 00:00:00"
ON,Toronto,"Alexandra Park","394 Queen Street W","Kekou Gelato","2016-07-22 00:00:00"
ON,Toronto,"Downtown Core","470 Yonge Street",McDonald's,"2016-07-17 00:00:00"
ON,Toronto,Cabbagetown,"533 Parliament Street","Kibo Sushi House","2016-07-16 00:00:00"
ON,Toronto,Cabbagetown,"252 Carlton Street","Kanpai Snack Bar","2016-07-16 00:00:00"
ON,Toronto,Cabbagetown,"252 Carlton Street","Kanpai Snack Bar","2016-07-16 00:00:00"
ON,"Richmond Hill","Brown's Corners","106 Highway 7","Dessert Kitchen","2016-07-14 00:00:00"
ON,Toronto,Leslieville,"920 Queen St E","Ed's Real Scoop","2016-07-14 00:00:00"
ON,Markham,,"7501 Woodbine Avenue, Unit 3","Diana's Oyster Bar And Grill","2016-07-11 00:00:00"
ON,Markham,,"7501 Woodbine Avenue, Unit 3","Diana's Oyster Bar And Grill","2016-07-11 00:00:00"
ON,Toronto,"The Beach","2209 Queen Street E","Japango Sushi & Noodle Restaurant","2016-07-09 00:00:00"
ON,Mississauga,,"5980 Airport Road","Booster Juice","2016-07-01 00:00:00"
ON,"North York",,"175 Ravel Road","Chatime Willowdale","2016-06-29 00:00:00"
ON,Toronto,"Little Italy","923 Dundas St W","Cocktail Bar","2016-06-28 00:00:00"
ON,Toronto,"Little Italy","923 Dundas St W","Cocktail Bar","2016-06-28 00:00:00"
ON,Toronto,"Little Italy","923 Dundas St W","Cocktail Bar","2016-06-27 00:00:00"
ON,Toronto,Leslieville,"1008 Queen Street E","Eastside Social","2016-06-27 00:00:00"
ON,Toronto,Chinatown,"382 Spadina Avenue, Main Floor",Levetto,"2016-06-24 00:00:00"
ON,Toronto,"Downtown Core","220 Victoria Street, Suite 101","Kamiya Hairdressing","2016-06-23 00:00:00"
ON,Oakville,,"49 Bronte Road","Yolanda's Spuntino Casa","2016-06-23 00:00:00"
ON,Toronto,"Downtown Core","220 Victoria Street, Suite 101","Kamiya Hairdressing","2016-06-22 00:00:00"
ON,Toronto,"Downtown Core","13 Baldwin Street","Kekou Gelato House","2016-06-17 00:00:00"
ON,Toronto,"Downtown Core","21 Baldwin Street","Arctic Bites","2016-06-17 00:00:00"
ON,Toronto,"Downtown Core","21 Baldwin Street","Arctic Bites","2016-06-17 00:00:00"
ON,Toronto,"Downtown Core","249 Victoria Street","The Senator","2016-06-16 00:00:00"
ON,Toronto,"Downtown Core","578 Yonge Street","Thai Fantasy","2016-06-16 00:00:00"
ON,Toronto,"Liberty Village","80 Lynn Williams Street","Liberty Village","2016-06-12 00:00:00"
ON,Toronto,"Liberty Village","80 Lynn Williams Street","Liberty Village","2016-06-12 00:00:00"
ON,Toronto,"Liberty Village","65 Jefferson Avenue","Liberty Village Farmers' Market","2016-06-12 00:00:00"
ON,Markham,Unionville,"75 Main Street N","Love Gelato","2016-06-11 00:00:00"
ON,Vaughan,,"125 Hawkview Boulevard","Porcello Cantina","2016-06-06 00:00:00"
ON,Vaughan,,"3540 Rutherford Road, Unit 67","Wok-In Bbq","2016-06-06 00:00:00"
ON,Toronto,Scarborough,"156 Borough Drive","Toronto Public Library - Scarborough Civic Centre Branch","2016-06-02 00:00:00"
ON,Markham,"Brown's Corners","3621 Highway 7 E","Gal's Sushi","2016-06-01 00:00:00"
ON,Toronto,,"493 Bloor St W","New Generation Sushi","2016-05-30 00:00:00"
ON,Whitchurch-Stouffville,,"155 Cedarvale Boulevard","Fishbone By The Lake","2016-05-30 00:00:00"
ON,Toronto,"Casa Loma","1 Austin Terrace","Casa Loma","2016-05-29 00:00:00"
ON,Toronto,"Distillery District","55 Mill Street","The Distillery District","2016-05-28 00:00:00"
ON,Toronto,"Liberty Village","171 E Liberty Street, Unit 117","For The Love of Cake Custom Creations","2016-05-28 00:00:00"
ON,Toronto,Greektown,"812 Danforth Avenue","Nakayoshi Izakaya","2016-05-28 00:00:00"
ON,Toronto,"Liberty Village","171 E Liberty Street, Unit 100","LOCAL Public Eatery","2016-05-25 00:00:00"
ON,Toronto,Riverdale,"248 Boulton Avenue","Que Ling Restaurant","2016-05-22 00:00:00"
ON,Toronto,"High Park","189 Roncesvalles Avenue","Ed's Real Scoop","2016-05-20 00:00:00"
ON,Toronto,Leslieville,"1026 Gerrard Street E","Pinkerton Snack Bar","2016-05-20 00:00:00"
ON,Toronto,"Discovery District","157 Bloor Street West","Club Monaco Bloor Street","2016-05-18 00:00:00"
ON,Toronto,"Discovery District","157 Bloor Street West","Club Monaco Bloor Street","2016-05-18 00:00:00"
ON,Toronto,Yorkville,"150 Bloor Street W, Unit 14A","Prairie Girl Bakery","2016-05-18 00:00:00"
ON,Toronto,"University of Toronto","333 Bloor Street W","The Coffee Lab","2016-05-18 00:00:00"
ON,Toronto,Chinatown,"385 Spadina Avenue","Spot Crepes & Tea","2016-05-18 00:00:00"
ON,Toronto,,"10 Ravel Road, Unit 1-2","Petit Potato","2016-05-16 00:00:00"
ON,Toronto,"Church-Wellesley Village","577 Yonge Street",Seduction,"2016-05-12 00:00:00"
ON,Toronto,"Church-Wellesley Village","20 Carlton Street",Jule,"2016-05-12 00:00:00"
ON,Toronto,"Discovery District","130 Dundas Street West","DonDon Izakaya","2016-05-11 00:00:00"
ON,Toronto,Cabbagetown,"51B Winchester Street",Kingyo,"2016-05-11 00:00:00"
ON,Toronto,"Downtown Core","147 Dundas Street",Tsujiri,"2016-05-09 00:00:00"
ON,Toronto,Ryerson,"106 Mutual Street","Page One","2016-05-02 00:00:00"
ON,Toronto,,"647 King Street W",EFS,"2016-04-30 00:00:00"
ON,Toronto,Ryerson,"106 Mutual Street","Page One","2016-04-30 00:00:00"
ON,Markham,"Brown's Corners","3175 Highway 7 East, Woodside Centre",Chapters,"2016-04-27 00:00:00"
ON,Vaughan,"Pine Grove","3560 Rutherford Road, Unit 42","Allyson Tang Optometrist","2016-04-26 00:00:00"
ON,Markham,,"505 Highway 7 E, Unit 50-53","Grand Noodle","2016-04-25 00:00:00"
ON,"Richmond Hill",,"155A York Boulevard",Scaddabush,"2016-04-25 00:00:00"
ON,"Richmond Hill",,"155 York Blvd","Jack Astor's Bar & Grill","2016-04-23 00:00:00"
ON,Toronto,,"463 McNicoll Avenue","Ruelo Patisserie","2016-04-21 00:00:00"
ON,Vaughan,,"100 Steeles Avenue","Kobi Korean BBQ","2016-04-21 00:00:00"
ON,Toronto,Niagara,"930 Queen Street W","Linwood Essentials","2016-04-20 00:00:00"
ON,Toronto,Leslieville,"1182 Queen Street E","Leslie Jones","2016-04-19 00:00:00"
ON,Toronto,Leslieville,"1182 Queen Street E","Leslie Jones","2016-04-19 00:00:00"
ON,Toronto,"Downtown Core","122 Elizabeth Street",Japango,"2016-04-19 00:00:00"
ON,Toronto,"Downtown Core","100 Queen Street W","Nathan Phillips Square","2016-04-19 00:00:00"
ON,Toronto,"Downtown Core","100 Queen Street W","Toronto City Hall","2016-04-19 00:00:00"
ON,Toronto,Niagara,"930 Queen Street W","Linwood Essentials","2016-04-19 00:00:00"
ON,Toronto,Ryerson,"351 Yonge Street","Basil Box","2016-04-17 00:00:00"
ON,Toronto,"West Queen West","1036 Queen Street W","Entice Culinary Lounge","2016-04-15 00:00:00"
AZ,Scottsdale,,"7700 E Mccormick Pkwy","The Scottsdale Resort At McCormick Ranch","2016-04-06 00:00:00"
AZ,Scottsdale,,"9619 N Hayden Rd","Noci Cafe","2016-04-06 00:00:00"
ON,Mississauga,,"Terminal 1, Pearson Airport","The Hearth","2016-04-06 00:00:00"
ON,Toronto,Ryerson,"55 Dundas Street E","Cloud Care Clinics","2016-03-31 00:00:00"
ON,Toronto,Harbourfront,"10 Bay Street, Unit 105","Miku Toronto","2016-03-27 00:00:00"
ON,Toronto,Willowdale,"4866 A Yonge Street","Salon de Elephant","2016-03-26 00:00:00"
ON,Toronto,,"19 Horticultural Avenue","Allan Gardens","2016-03-25 00:00:00"
ON,Toronto,Riverdale,"807 Gerrard Street  E","Saturday Dinette","2016-03-23 00:00:00"
ON,Scarborough,Scarborough,"633 Silver Star Boulevard","The Boil Bar","2016-03-22 00:00:00"
ON,Toronto,Scarborough,"633 Silver Star Boulevard, Unit 108","AKA-ONI Izakaya","2016-03-21 00:00:00"
ON,Toronto,Corktown,"99 Queen Street E","The Carbon Bar","2016-03-18 00:00:00"
ON,Markham,Milliken,"7750 Kennedy Road, Unit 2-2a","Lucullus Bakers & Roasters","2016-03-18 00:00:00"
ON,Markham,Milliken,"7750 Kennedy Road, Unit 2-2a","Lucullus Bakers & Roasters","2016-03-18 00:00:00"
ON,"Richmond Hill",,"370 Highway 7 E, Unit 101",Sharetea,"2016-03-18 00:00:00"
ON,Markham,Milliken,"7750 Kennedy Road, Unit 2-2a","Lucullus Bakers & Roasters","2016-03-18 00:00:00"
ON,Vaughan,,"65-3540 Rutherford Road","Ay Caramba, Eh","2016-03-16 00:00:00"
ON,Toronto,,"3328 Yonge Street",Shoushin,"2016-03-15 00:00:00"
ON,Vaughan,,"65-3540 Rutherford Road","Ay Caramba, Eh","2016-03-15 00:00:00"
ON,Toronto,Riverdale,"688 Gerrard Street E","Mi Mi Restaurant","2016-03-11 00:00:00"
ON,Toronto,Etobicoke,"120 N Queen Street","The eZone","2016-03-09 00:00:00"
ON,Toronto,Etobicoke,"225 The East Mall, Unit 13","Coco Bakery","2016-03-09 00:00:00"
ON,Toronto,Etobicoke,"1602 The Queensway","Bed Bath And Beyond","2016-03-09 00:00:00"
ON,Toronto,Etobicoke,"100 The East Mall, Suite11","Coffee Galore","2016-03-09 00:00:00"
ON,Toronto,Willowdale,"5469 Yonge Street",MeNami,"2016-03-08 00:00:00"
ON,Toronto,Scarborough,"633 Silver Star Boulevard","Chat Bar","2016-03-08 00:00:00"
ON,Toronto,Scarborough,"633 Silver Star Boulevard","Chat Bar","2016-03-07 00:00:00"
ON,Toronto,Scarborough,"633 Silver Star Boulevard","Chat Bar","2016-03-07 00:00:00"
ON,Toronto,Leslieville,"1054 Gerrard Street E","Aprilé Bambina","2016-03-04 00:00:00"
ON,Markham,Milliken,"60 McDowell Gate","Crystal Fountain Event Venue","2016-03-03 00:00:00"
ON,Toronto,Willowdale,"5469 Yonge Street",MeNami,"2016-02-28 00:00:00"
ON,Toronto,Scarborough,"2 Invergordon Avenue","Francesca Italian Bakery & Delicatessen","2016-02-27 00:00:00"
ON,Toronto,Scarborough,"156 Borough Drive","Toronto Public Library - Scarborough Civic Centre Branch","2016-02-27 00:00:00"
ON,Toronto,"City Place","82 Fort York Blvd","Hunters Landing Bar Grill Hub Restaurant","2016-02-26 00:00:00"
ON,Toronto,"Little Italy","577A College St","Toronto Temperance Society","2016-02-24 00:00:00"
ON,Vaughan,,"145 Hawkview Boulevard, Unit 7","Boom Breakfast & Co","2016-02-23 00:00:00"
ON,Toronto,Willowdale,"5455-5457 Yonge Street","Mabu Station","2016-02-23 00:00:00"
ON,Toronto,"Alexandra Park","404 Queen Street W","Fresh Off The Boat","2016-02-23 00:00:00"
ON,Thornhill,Langstaff,"7181 Yonge Street, Suite 16","Love Me Sweet","2016-02-23 00:00:00"
ON,Thornhill,,"7355 Bayview Avenue","Ferrovia Ristorante","2016-02-22 00:00:00"
ON,Thornhill,Langstaff,"7181 Yonge Street, Suite 16","Love Me Sweet","2016-02-21 00:00:00"
ON,Markham,,"7634 Woodbine Avenue","Area One KTV Lounge","2016-02-17 00:00:00"
ON,"Richmond Hill",,"160 E Beaver Creek Road, Suite 4-6","Dragon Boat Fusion Cuisine","2016-02-17 00:00:00"
ON,"Richmond Hill",,"160 E Beaver Creek Road, Suite 4-6","Dragon Boat Fusion Cuisine","2016-02-15 00:00:00"
ON,Toronto,Scarborough,"633 Silver Star Boulevard, Unit 108","AKA-ONI Izakaya","2016-02-15 00:00:00"
ON,Toronto,Scarborough,"633 Silver Star Boulevard, Unit 108","AKA-ONI Izakaya","2016-02-14 00:00:00"
ON,Toronto,Yorkville,"115 Yorkville Avenue","Kasa Moto","2016-02-13 00:00:00"
ON,Toronto,"Downtown Core","149 Dundas Street W","Kimchi Korea House","2016-02-11 00:00:00"
ON,Markham,,"230 Commerce Valley Drive E, Unit 2","Tapagria Spanish Tapas","2016-02-08 00:00:00"
ON,"North York",,"1800 Sheppard Avenue E","CF Fairview Mall","2016-02-05 00:00:00"
ON,Toronto,"University of Toronto","327 Bloor Street W","The Bata Shoe Museum","2016-02-04 00:00:00"
ON,Toronto,"Alexandra Park","472 Queen Street W",BarChef,"2016-01-28 00:00:00"
ON,Concord,,"2501 Rutherford Road",Reptilia,"2016-01-25 00:00:00"
ON,Toronto,"Alexandra Park","472 Queen Street W",BarChef,"2016-01-24 00:00:00"
ON,Markham,,"7634 Woodbine Avenue","Zen Japanese Restaurant","2016-01-22 00:00:00"
ON,Markham,,"230 Commerce Valley Drive E, Unit 2","Tapagria Spanish Tapas","2016-01-21 00:00:00"
ON,Markham,,"230 Commerce Valley Drive E, Unit 2","Tapagria Spanish Tapas","2016-01-21 00:00:00"
ON,Mississauga,,"3111 Convair Drive","Toronto Pearson International Airport","2016-01-17 00:00:00"
ON,Toronto,,"1082 Don Mills Road",Structube,"2016-01-17 00:00:00"
ON,Toronto,,"1090 Don Mills Road, Unit N012A","Artemano - Don Mills","2016-01-17 00:00:00"
ON,Toronto,Yorkville,"114 Cumberland Street","Carole's Cheesecake Cafe","2015-12-26 00:00:00"
ON,Toronto,Willowdale,"5311A Yonge Street, Unit 2/F","Salon de Elephant","2015-12-24 00:00:00"
ON,Toronto,,"1800 Sheppard Avenue E","Tea Monkey Cafe","2015-12-21 00:00:00"
ON,Toronto,"Entertainment District","291 King Street W","Pearl King","2015-12-20 00:00:00"
ON,Toronto,"Entertainment District","106 John Street","Sweet Jesus","2015-12-20 00:00:00"
ON,Toronto,,"88 Harbord Street","Splendido Restaurant","2015-12-16 00:00:00"
ON,Toronto,"Little Italy","505 College Street","Bar Raval","2015-12-10 00:00:00"
ON,Toronto,"Little Italy","503 College Street",DaiLo,"2015-12-09 00:00:00"
ON,Toronto,Willowdale,"5311A Yonge Street, Unit 2/F","Salon de Elephant","2015-12-03 00:00:00"
ON,Toronto,Willowdale,"5311A Yonge Street, Unit 2/F","Salon de Elephant","2015-12-03 00:00:00"
ON,Toronto,Willowdale,"9 Byng Avenue","VIPS Sushi","2015-12-03 00:00:00"
ON,Toronto,Scarborough,"3300 Midland Ave, Unit 32","Marathon Donuts & Coffee Shop","2015-12-01 00:00:00"
ON,Toronto,"Distillery District","55 Mill St","Lowe's Toronto Christmas Market","2015-11-26 00:00:00"
ON,Toronto,"Distillery District","18 Tank House Lane","El Catrin Destileria","2015-11-26 00:00:00"
ON,Toronto,"Entertainment District","181 Wellington Street W","Ritz Bar","2015-11-23 00:00:00"
ON,Markham,Unionville,"3987 Highway 7 E","Sansotei Ramen","2015-11-18 00:00:00"
ON,Toronto,Harbourfront,"10 Bay Street, Unit 105","Miku Toronto","2015-11-18 00:00:00"
ON,Toronto,Harbourfront,"10 Bay Street, Unit 105","Miku Toronto","2015-11-18 00:00:00"
ON,Vaughan,Woodbridge,"8440 Highway 27","Yelp's Matriphony Masquerade","2015-11-18 00:00:00"
ON,Markham,Unionville,"3987 Highway 7 E","Sansotei Ramen","2015-11-18 00:00:00"
ON,Toronto,,"480 King Street W",Patria,"2015-11-14 00:00:00"
ON,Vaughan,Woodbridge,"8440 Highway 27","Yelp's Matriphony Masquerade","2015-11-12 00:00:00"
ON,Toronto,Leslieville,"K9 Gerrard's Square, 1000 Gerrard Street E","Real Fruit Bubble Tea","2015-11-10 00:00:00"
ON,Toronto,Leslieville,"K9 Gerrard's Square, 1000 Gerrard Street E","Real Fruit Bubble Tea","2015-11-10 00:00:00"
ON,Toronto,Leslieville,"327 Carlaw Avenue","Fruitful Market","2015-11-08 00:00:00"
ON,Scarborough,Scarborough,"5661 Steeles Avenue E","T & T Supermarket Milliken","2015-11-04 00:00:00"
ON,Toronto,Etobicoke,"3319 Bloor Street  W",Bonimi,"2015-10-29 00:00:00"
ON,Toronto,Etobicoke,"3319 Bloor Street  W",Bonimi,"2015-10-29 00:00:00"
ON,Markham,Unionville,"3987 Highway 7, Unit 1","Panera Bread","2015-10-24 00:00:00"
ON,Toronto,Leslieville,"1000 Gerrard Street E","Gerrard Square Shopping Centre","2015-10-22 00:00:00"
ON,Markham,Unionville,"4721 Highway 7 E, Unit 5","Miss Congee","2015-10-19 00:00:00"
ON,Toronto,Leslieville,"970 Queen Street E","Shoppers Drug Mart","2015-10-18 00:00:00"
ON,Toronto,Riverdale,"780 Queen Street E","La Carnita","2015-10-18 00:00:00"
ON,Toronto,Corktown,"573 King Street E","Impact Kitchen","2015-10-18 00:00:00"
ON,Markham,"Brown's Corners","25 Cochrane Drive","Novita Italian Cuisine","2015-10-16 00:00:00"
ON,Toronto,Riverdale,"639 Queen Street E","Mary MacLeod's Shortbread","2015-10-11 00:00:00"
ON,Toronto,"Entertainment District","181 Wellington Street West",Toca,"2015-10-11 00:00:00"
ON,Toronto,"Entertainment District","181 Wellington Street West",Toca,"2015-10-11 00:00:00"
ON,Toronto,Leslieville,"3 Carlaw Avenue","Restore-Habitat for Humanity","2015-10-11 00:00:00"
ON,Toronto,Willowdale,"17B Finch Avenue W","CoCo Fresh Tea & Juice","2015-10-11 00:00:00"
ON,Vaughan,"Pine Grove","3560 Rutherford Road, Unit 42","Allyson Tang Optometrist","2015-10-09 00:00:00"
ON,Toronto,Willowdale,"4910 Yonge Street, Unit 101","Bake Code  - North York","2015-10-09 00:00:00"
ON,Toronto,,"119 River Street","Pop-Up On River","2015-10-05 00:00:00"
ON,Toronto,,"522 King Street W","Cibo Wine Bar","2015-10-04 00:00:00"
ON,Toronto,"Mount Pleasant and Davisville","55 Eglinton Avenue E","Fin Izakaya","2015-10-03 00:00:00"
ON,Toronto,"Mount Pleasant and Davisville","55 Eglinton Avenue E","Fin Izakaya","2015-10-03 00:00:00"
ON,Toronto,,"119 River Street","Pop-Up On River","2015-10-01 00:00:00"
ON,Toronto,Riverdale,"738 Gerrard Street E","Bach Yen","2015-09-30 00:00:00"
ON,Missisauga,,"209 Rathburn Road W","SCADDABUSH Italian Kitchen & Bar","2015-09-24 00:00:00"
ON,Thornhill,Langstaff,"7181 Yonge Street, Suite 336","Seasons Foodmart","2015-09-24 00:00:00"
ON,Toronto,,"4775 Yonge Street, Unit 114","KINKA IZAKAYA NORTH YORK","2015-09-24 00:00:00"
ON,"Richmond Hill",,"125-135 York Blvd","The 3 Brewers","2015-09-24 00:00:00"
ON,"Richmond Hill",,"125-135 York Blvd","The 3 Brewers","2015-09-22 00:00:00"
ON,Toronto,"Entertainment District","346 Front Street W","The Coffee Bar","2015-09-20 00:00:00"
ON,Toronto,"Alexandra Park","404 Queen Street W","Fresh Off The Boat","2015-09-20 00:00:00"
ON,Toronto,"Entertainment District","348 Adelaide Street W","Templar Hotel","2015-09-20 00:00:00"
ON,Toronto,"Alexandra Park","467 Queen Street W","Nohohon Tea - Queen West","2015-09-20 00:00:00"
ON,Toronto,Scarborough,"17 Milliken Boulevard","Very Fair","2015-09-16 00:00:00"
ON,Whitchurch-Stouffville,,"155 Cedarvale Boulevard","Fishbone By The Lake","2015-09-10 00:00:00"
ON,Whitchurch-Stouffville,,"155 Cedarvale Boulevard","Fishbone By The Lake","2015-09-10 00:00:00"
ON,Whitchurch-Stouffville,,"155 Cedarvale Boulevard","Fishbone By The Lake","2015-09-10 00:00:00"
ON,Markham,Unionville,"4450 Highway 7 E, Unit 3","Hibiki Japanese Cuisine","2015-09-09 00:00:00"
ON,Mississauga,,"6721 Edwards Blvd","Versailles Convention Centre","2015-09-07 00:00:00"
ON,Toronto,"Downtown Core","10 Queen Street W",Squish,"2015-09-07 00:00:00"
ON,Toronto,,"6 Garamond Court","Kaiseki Yu-zen Hashimoto","2015-09-06 00:00:00"
ON,Toronto,"Entertainment District","346 Front Street W","The Coffee Bar","2015-09-06 00:00:00"
ON,Toronto,"Entertainment District","370 King Street W","00 Gelato","2015-09-06 00:00:00"
ON,Toronto,"Entertainment District","299 Adelaide Street W","Montecito Restaurant","2015-09-05 00:00:00"
ON,Toronto,,"3186 Yonge Street","Parmigiano Trattoria","2015-08-30 00:00:00"
ON,Toronto,Scarborough,"3272 Midland Avenue, Unit B109","Kerry's Macarons","2015-08-30 00:00:00"
ON,Toronto,"Kensington Market","230 Augusta Avenue","Film Cafe by Eative","2015-08-27 00:00:00"
ON,Toronto,Chinatown,"215 Spadina Avenue","Dark Horse Espresso","2015-08-27 00:00:00"
ON,Toronto,Chinatown,"215 Spadina Avenue","Dark Horse Espresso","2015-08-26 00:00:00"
ON,Toronto,"Queen Street West","350 Queen Street W",Spoof,"2015-08-23 00:00:00"
ON,Toronto,"Kensington Market","230 Augusta Avenue","Film Cafe by Eative","2015-08-23 00:00:00"
ON,Toronto,Chinatown,"241 Spadina Avenue","R&D Restaurant","2015-08-23 00:00:00"
ON,Markham,Unionville,"8333 Kennedy Road, Suite 1078","Cha Me Cha","2015-08-22 00:00:00"
ON,Markham,"Brown's Corners","3621 Highway 7 East, Unit 110","St. Louis Bar & Grill","2015-08-21 00:00:00"
ON,Markham,Unionville,"8360 Kennedy Road, Unit 81","Wooffles & Cream","2015-08-21 00:00:00"
ON,Toronto,"Downtown Core","686 Yonge Street","Just You Sarah & Tom","2015-08-16 00:00:00"
ON,Toronto,,"550 Wellington Street W","Rooftop Lounge at Thompson Toronto","2015-08-16 00:00:00"
ON,Toronto,Riverdale,"619 Gerrard Street E","Dumpling House","2015-08-14 00:00:00"
ON,Markham,Milliken,"4300 Steeles Avenue E","Japanese Express","2015-08-13 00:00:00"
ON,Mississauga,,"5815 Airport Road","Park'N Fly","2015-08-03 00:00:00"
ON,Markham,Milliken,"7220 Kennedy Road, Suite 6","Hai Tang Bakery & Cafe","2015-07-28 00:00:00"
ON,Markham,Langstaff,"7181 Yonge St, Unit 21",Muncheez,"2015-07-21 00:00:00"
ON,Toronto,"Bayview Village","2901 Bayview Avenue","Origin North","2015-07-19 00:00:00"
ON,"North York",Willowdale,"5494 Yonge Street","Chatime North York","2015-07-19 00:00:00"
ON,Unionville,Unionville,"4261 Highway 7 E","Smash Kitchen & Bar","2015-07-17 00:00:00"
ON,Markham,Unionville,"180 Bullock Drive","Big Bone BBQ & Wicked Wings","2015-07-14 00:00:00"
ON,"Richmond Hill",,"550 York Regional Road 7","Tim Hortons","2015-07-09 00:00:00"
ON,Markham,"Brown's Corners","3255 Highway 7","Markham Bakery-Cafe","2015-07-08 00:00:00"
ON,Toronto,Scarborough,"Milliken Wellss Shopping Plaza, 250 Alton Tower Circle, Suite C6","Pho 88 Viet Thai Cuisine","2015-07-08 00:00:00"
ON,Toronto,Scarborough,"4236 Sheppard Avenue E","HK Garden","2015-07-02 00:00:00"
ON,Scarborough,Scarborough,"7 Brimley Road S","Bluffers Park Restaurant","2015-06-23 00:00:00"
ON,Toronto,Willowdale,"5379 Yonge Street",Capriccio,"2015-06-22 00:00:00"
ON,Markham,"Brown's Corners","25 Cochrane Drive","Novita Italian Cuisine","2015-06-21 00:00:00"
ON,"Richmond Hill",,"670 Highway 7 E","Parkway Kitchen","2015-06-19 00:00:00"
ON,Toronto,,"563 Bloor Street W","Insomnia Restaurant & Lounge","2015-06-19 00:00:00"
ON,Toronto,Parkdale,"1320 Queen Street W","Restaurant Chantecler","2015-06-17 00:00:00"
ON,Toronto,"Downtown Core","325 Bay St","Trump International Hotel & Tower Toronto","2015-06-16 00:00:00"
ON,Toronto,Willowdale,"4848 Yonge Street","Nomé Izakaya","2015-06-16 00:00:00"
ON,Markham,Milliken,"4392 Steeles Avenue E",Jeansfirst,"2015-06-16 00:00:00"
ON,Toronto,Swansea,"398 Bloor St W","Sweet Fantasies","2015-06-14 00:00:00"
ON,Toronto,"Downtown Core","325 Bay Street, 31st Fl",America,"2015-06-14 00:00:00"
ON,Markham,Milliken,"4392 Steeles Avenue E",Jeansfirst,"2015-06-11 00:00:00"
ON,"Richmond Hill",,"Highway 7 Valleymede","Mamma's Pizza","2015-06-08 00:00:00"
ON,"Richmond Hill",,"Highway 7 Valleymede","Mamma's Pizza","2015-06-08 00:00:00"
ON,Thornhill,Langstaff,"5 Glen Cameron Road","Home of Hot Taste","2015-06-07 00:00:00"
ON,Markham,"Brown's Corners","25 Cochrane Drive","Novita Italian Cuisine","2015-06-05 00:00:00"
ON,Markham,"Brown's Corners","25 Cochrane Drive","Novita Italian Cuisine","2015-06-04 00:00:00"
QC,Montréal,Ville-Marie,"27 Rue de la Commune E","Ça Roule Montréal","2015-06-03 00:00:00"
ON,"Richmond Hill",,"1100 Sunset Beach Road","Lake Wilcox Park","2015-05-28 00:00:00"
ON,Toronto,Willowdale,"5437 Yonge Street","Annvita English Tea Room","2015-05-24 00:00:00"
ON,Toronto,,"1744 Victoria Park Avenue",Jatujak,"2015-05-22 00:00:00"
QC,Montréal,Ville-Marie,"3 Rue Saint-Paul Est","Chez Suzette","2015-05-17 00:00:00"
QC,Montréal,Ville-Marie,"3 Rue Saint-Paul Est","Chez Suzette","2015-05-17 00:00:00"
QC,Montréal,Ville-Marie,"27 Rue de la Commune E","Ça Roule Montréal","2015-05-17 00:00:00"
QC,Montréal,Ville-Marie,"27 Rue de la Commune E","Ça Roule Montréal","2015-05-17 00:00:00"
ON,Whitchurch-Stouffville,,"6146 Main St","Fishbone Bistro","2015-05-14 00:00:00"
ON,Toronto,Corktown,"362 King Street E",Roselle,"2015-05-14 00:00:00"
ON,Toronto,Corktown,"362 King Street E",Roselle,"2015-05-10 00:00:00"
ON,Toronto,Corktown,"354 King Street E, Corktown","The Corktown Kitchen","2015-05-10 00:00:00"
ON,Toronto,Corktown,"354 King Street E",Weezie's,"2015-05-09 00:00:00"
ON,Toronto,Riverdale,"625 Queen Street E","Il Ponte Cucina Italiana","2015-05-06 00:00:00"
ON,"North York",Willowdale,"5 Northtown Way","Sushi Bong","2015-05-03 00:00:00"
ON,"Richmond Hill",,"9425 Leslie Street, Unit 3","Han Mi Jeong","2015-04-28 00:00:00"
ON,Markham,Unionville,"179 Enterprise Boulevard, Suite 169","Cineplex Cinemas Markham","2015-04-27 00:00:00"
ON,"Richmond Hill",,"9425 Leslie Street, Unit 3","Han Mi Jeong","2015-04-27 00:00:00"
ON,Toronto,"Little Italy","501 College Street","La Carnita","2015-04-26 00:00:00"
ON,"Richmond Hill",,"125 York Boulevard","Touro Churrascaria","2015-04-23 00:00:00"
ON,"Richmond Hill",,"125 York Boulevard","Touro Churrascaria","2015-04-23 00:00:00"
ON,Toronto,"Downtown Core","7 Charles Street W","7 West Cafe","2015-04-21 00:00:00"
ON,Toronto,Yorkville,"146 Cumberland Street","Gelato Simply Italian","2015-04-21 00:00:00"
ON,Toronto,"Downtown Core","11 Charles Street W","Wow Sushi","2015-04-21 00:00:00"
ON,Oakville,,"138 Lakeshore Road E","Bru Restaurant","2015-04-21 00:00:00"
ON,Toronto,"Financial District","150 York Street","Drake One Fifty","2015-04-17 00:00:00"
ON,Markham,,"7010 Warden Avenue","Daisy Hair Salon","2015-04-15 00:00:00"
ON,Toronto,Willowdale,"5576 Yonge Street","Pojangmacha Food","2015-04-12 00:00:00"
ON,Toronto,Willowdale,"5311A Yonge Street, Unit 2/F","Salon de Elephant","2015-04-12 00:00:00"
ON,Toronto,"Discovery District","55 Bloor Street W, 51st Floor","The One Eighty","2015-04-07 00:00:00"
ON,Toronto,Corktown,"Lower River Street","Corktown Commons","2015-04-02 00:00:00"
ON,Toronto,Corktown,"514 King Street E, Unit 7",Odin,"2015-04-02 00:00:00"
ON,Toronto,"Mount Pleasant and Davisville","1586 Bayview Avenue","Rahier Patisserie","2015-03-31 00:00:00"
ON,Vaughan,,"100 Steeles Avenue W","Red Bean Waffle House","2015-03-30 00:00:00"
ON,"North York","Bayview Village","2901 Bayview Avenue",Chapters,"2015-03-28 00:00:00"
ON,Toronto,Willowdale,"5576 Yonge Street","Pojangmacha Food","2015-03-28 00:00:00"
ON,Toronto,Willowdale,"5576 Yonge Street","Pojangmacha Food","2015-03-27 00:00:00"
ON,Toronto,Willowdale,"5582 Yonge Street","Yuzu Izakaya","2015-03-25 00:00:00"
ON,"Richmond Hill",,"8725 Yonge Street","SilverCity Richmond Hill","2015-03-22 00:00:00"
ON,Toronto,"Little Italy","501 College Street","La Carnita","2015-03-22 00:00:00"
ON,Markham,Unionville,"75 Main Street N","Love Gelato","2015-03-22 00:00:00"
ON,Newmarket,,"211 Main Street","Hungry Brew Hops","2015-03-22 00:00:00"
ON,Newmarket,,"211 Main Street","Hungry Brew Hops","2015-03-22 00:00:00"
ON,Toronto,Scarborough,"4188 Finch Avenue E, Unit 2","Vietnam Noodle Star","2015-03-22 00:00:00"
ON,Toronto,,"1066 Don Mills Road","Panera Bread","2015-03-19 00:00:00"
ON,Toronto,"St. Lawrence","36 Wellington Street E","East Thirty-Six","2015-03-19 00:00:00"
ON,Thornhill,,"2890 Steeles Avenue E","Tim Hortons","2015-03-15 00:00:00"
ON,Toronto,Corktown,"176 Front Street E","Corktown Esso","2015-03-15 00:00:00"
ON,Toronto,"St. Lawrence","36 Wellington Street E","East Thirty-Six","2015-03-15 00:00:00"
ON,Toronto,"Downtown Core","Shangri-La Hotel, 188 University Avenue","Miraj Hammam Spa by Caudalie","2015-03-10 00:00:00"
ON,Toronto,,"75 Bremner Boulevard","Le Germain Hotel Toronto Maple Leaf Square","2015-03-07 00:00:00"
ON,Scarborough,Scarborough,"4911 Steeles Avenue E","Sugar Sweet Cafe","2015-03-06 00:00:00"
ON,Toronto,Willowdale,"5321 Yonge Street","Hakata Shoryuken","2015-03-05 00:00:00"
ON,Toronto,Willowdale,"5321 Yonge Street","Hakata Shoryuken","2015-03-05 00:00:00"
ON,"North York",Willowdale,"5307 Yonge Street","The Lounge","2015-03-04 00:00:00"
ON,Toronto,"Discovery District","55 Bloor Street W, 51st Floor","The One Eighty","2015-03-03 00:00:00"
ON,Toronto,Scarborough,"3272 Midland Avenue, Unit B109","Kerry's Macarons","2015-03-02 00:00:00"
ON,Toronto,Scarborough,"1571 Sandhurst Circle",McDonald's,"2015-03-01 00:00:00"
ON,Toronto,,"6979 Yonge Street","Hairy Tarantula Comics & Games","2015-03-01 00:00:00"
ON,Toronto,,"30 Mercer Street","Le Germain Hotel","2015-02-26 00:00:00"
ON,Toronto,"Downtown Core","Toronto Eaton Centre, 14 Queen Street W","Richtree Eaton Centre","2015-02-26 00:00:00"
ON,Toronto,Riverdale,"630 Queen Street E","Dark Horse Espresso Bar","2015-02-23 00:00:00"
ON,Toronto,"The Annex","264 Dupont St","Live Organic Food Bar","2015-02-23 00:00:00"
ON,Toronto,"Downtown Core","181 Bay Street","Marché Restaurant","2015-02-22 00:00:00"
ON,Toronto,Leslieville,"1606 Queen Street  E","The Tulip","2015-02-21 00:00:00"
ON,Toronto,Corktown,"55 Bloor Street W, 51st Floor","Panorama Lounge","2015-02-17 00:00:00"
ON,Toronto,,"3618 Victoria Park Ave","ABC Bakery Coffee Shop","2015-02-17 00:00:00"
ON,Toronto,,"49 Karl Fraser Road",Fabbrica,"2015-02-17 00:00:00"
ON,Toronto,"Distillery District","21 Trinity Street","Gotstyle Distillery","2015-02-17 00:00:00"
ON,"North York",Willowdale,"5324 Yonge Street","Owl of Minerva","2015-02-16 00:00:00"
ON,Toronto,"Distillery District","55 Mill Street, Building 60","Balzac's Coffee Roastery","2015-02-16 00:00:00"
ON,Toronto,"Distillery District","24 Tankhouse Lane","The Sweet Escape Patisserie","2015-02-16 00:00:00"
ON,Toronto,"Distillery District","51 Gristmill Lane","Ontario Spring Water Sake Company","2015-02-16 00:00:00"
ON,Toronto,"Downtown Core","10A Edward Street, Second Floor","Roll Play","2015-02-16 00:00:00"
ON,Toronto,"Distillery District","35 Tank House Lane","Cluny Bistro & Boulangerie","2015-02-16 00:00:00"
ON,Toronto,"Downtown Core","334 Dundas Street W","Art Square Cafe","2015-02-15 00:00:00"
ON,Toronto,"The Annex","264 Dupont St","Live Organic Food Bar","2015-02-14 00:00:00"
ON,Toronto,"The Annex","265 Davenport Road","Sopra Upper Lounge","2015-02-13 00:00:00"
ON,Toronto,,"12 Marie Labatte Road","Cineplex VIP Cinemas","2015-02-13 00:00:00"
ON,Markham,Unionville,"5000 Highway 7 E",Starbucks,"2015-02-12 00:00:00"
ON,Toronto,,"12 Marie Labatte Road","Cineplex VIP Cinemas","2015-02-12 00:00:00"
ON,Toronto,,"12 Marie Labatte Road","Cineplex VIP Cinemas","2015-02-12 00:00:00"
ON,Markham,,"230 Commerce Valley Drive E, Unit 4","Duo Patisserie & Cafe","2015-02-12 00:00:00"
ON,Markham,,"5995 14th Avenue","Bulk Barn","2015-02-11 00:00:00"
ON,Toronto,,"89 Harbord Street","The Harbord Room","2015-02-02 00:00:00"
ON,Toronto,Leslieville,"946 Queen St E","The Bone House","2015-01-25 00:00:00"
ON,"Richmond Hill",,"15 Wertheim Court","Adrak Indian Restaurant & Bar","2015-01-10 00:00:00"
ON,Toronto,Willowdale,"5600 Yonge Street, 2nd Floor","Soban Cafe","2015-01-08 00:00:00"
ON,Toronto,,"5647 Yonge Street, 2nd Floor","Orange Caramel Tea Cafe","2015-01-08 00:00:00"
ON,Toronto,Corktown,"55 Bloor Street W, 51st Floor","Panorama Lounge","2015-01-08 00:00:00"
ON,Toronto,,"5647 Yonge Street, 2nd Floor","Orange Caramel Tea Cafe","2015-01-06 00:00:00"
ON,Toronto,,"222 Cherry Street","T&T Supermarket","2015-01-04 00:00:00"
ON,Toronto,Corktown,"589 King Street E","Tim Hortons","2015-01-04 00:00:00"
ON,Toronto,Willowdale,"4862 Yonge Street","Han Ba Tang","2014-12-19 00:00:00"
ON,Markham,,"505 Highway 7 E, Unit 93-95",Donburi,"2014-12-15 00:00:00"
ON,"North York",,"14 Aggie Hogg Gardens","Lindt Chocolate Shop - Don Mills","2014-12-14 00:00:00"
ON,"North York",,"1722 Avenue Road","The Bagel House","2014-12-11 00:00:00"
ON,Toronto,,"3401 Dufferin Street","Yorkdale Shopping Centre","2014-12-11 00:00:00"
ON,Toronto,"Downtown Core","190 University Avenue, 3rd Floor","Momofuku Shoto","2014-12-06 00:00:00"
ON,Markham,Scarborough,"3636 Steeles Ave E, Unit 152","Asian Legend","2014-12-04 00:00:00"
ON,Toronto,Scarborough,"175 Commander Boulevard, Unit 1","Xiao Long Bao","2014-11-28 00:00:00"
ON,Markham,"Brown's Corners","3255 Highway 7 E","Korean Food Express","2014-11-20 00:00:00"
ON,Markham,"Brown's Corners","3085 Highway No. 7",Longo's,"2014-11-19 00:00:00"
ON,Toronto,"Distillery District","55 Mill St","Lowe's Toronto Christmas Market","2014-11-17 00:00:00"
ON,"Richmond Hill",,"Times Square, 550 Hwy 7 E, Unit C73","Ruelo Patisserie","2014-11-14 00:00:00"
ON,Scarborough,Scarborough,"4033 Gordon Baker Road","OMG Restaurant & Lounge","2014-11-14 00:00:00"
ON,Toronto,Corktown,"55 Bloor Street W, 51st Floor","Panorama Lounge","2014-11-11 00:00:00"
ON,Toronto,Corktown,"55 Bloor Street W, 51st Floor","Panorama Lounge","2014-11-11 00:00:00"
ON,Markham,"Brown's Corners","3255 Highway 7 E, Unit 228","Magic Fusion Cuisine","2014-11-09 00:00:00"
ON,Markham,"Brown's Corners","3175 Highway 7 East, Woodside Square Chapters",Starbucks,"2014-11-08 00:00:00"
ON,Toronto,,"10 Lower Jarvis Street",Loblaws,"2014-11-02 00:00:00"
ON,Toronto,"Entertainment District","364 Richmond Street W","Product Night Club","2014-11-01 00:00:00"
ON,Unionville,Unionville,"4261 Highway 7 E","Smash Kitchen & Bar","2014-10-30 00:00:00"
ON,Markham,Unionville,"5426 Hwy 7 E","Markham Mazda","2014-10-23 00:00:00"
ON,Toronto,Harbourfront,"60 Harbour Street","Harbour Sixty","2014-10-06 00:00:00"
ON,Toronto,Willowdale,"173 Sheppard Avenue W","AT Escape","2014-10-05 00:00:00"
ON,Unionville,Unionville,"170 Main Street","Old Firehall Confectionery","2014-10-01 00:00:00"
ON,"Richmond Hill",,"155A York Blvd.","Alice Fazooli's","2014-09-28 00:00:00"
ON,Toronto,Scarborough,"3250 Midland Ave","Uoshiki Sushi","2014-09-28 00:00:00"
ON,Unionville,Unionville,"4261 Highway 7 E","Smash Kitchen & Bar","2014-09-25 00:00:00"
ON,Toronto,Corktown,"171 King Street E","Hiro Sushi Restaurant","2014-09-14 00:00:00"
ON,Toronto,Corktown,"171 King Street E","Hiro Sushi Restaurant","2014-09-13 00:00:00"
ON,Mississauga,,"100 City Center Drive","Freshly Squeezed","2014-09-07 00:00:00"
ON,Markham,Unionville,"4261 Highway 7 East","Silver Leaf Day Spa","2014-09-04 00:00:00"
ON,Markham,Milliken,"4372 Steeles Avenue E","City Hollywood Cafe","2014-09-01 00:00:00"
ON,Markham,Milliken,"Pacific Mall, 4300 Steeles Avenue E ,Suite B9","Real Fruit Bubble Tea","2014-08-31 00:00:00"
ON,Markham,Unionville,"8333 Kennedy Road, Suite 1078","Cha Me Cha","2014-08-29 00:00:00"
ON,Markham,Unionville,"8333 Kennedy Road, Suite 1078","Cha Me Cha","2014-08-29 00:00:00"
ON,Thornhill,,"7355 Bayview Avenue","Ferrovia Ristorante","2014-08-27 00:00:00"
ON,Toronto,Scarborough,"3250 Midland Ave","Uoshiki Sushi","2014-08-21 00:00:00"
ON,Toronto,,"10 Dufferin Street","Medieval Times Toronto","2014-08-18 00:00:00"
ON,Concord,,"2900 Langstaff Road","Anna Maria Trattoria","2014-08-18 00:00:00"
ON,Toronto,"Ossington Strip","93a Ossington Avenue","Bang Bang Ice Cream and bakery","2014-08-16 00:00:00"
ON,Scarborough,Scarborough,"1920 Ellesmere Road",Federick,"2014-08-10 00:00:00"
ON,Scarborough,Scarborough,"3740 Midland Avenue",Starbucks,"2014-08-06 00:00:00"
ON,"Richmond Hill",,"10255 Yonge Street, Unit 2","Ti Amo Gelato & Cafe","2014-08-05 00:00:00"
ON,Markham,Unionville,"75 Main Street N","Love Gelato","2014-08-05 00:00:00"
ON,Markham,Scarborough,"3636 Avenue Steeles E","Jin Cheng Bakery","2014-08-04 00:00:00"
ON,"North York",Willowdale,"5417 Yonge Street","Pastel Creperies & Dessert House","2014-08-04 00:00:00"
ON,Markham,,"356-382 The Bridle Walk","William Berczy Park","2014-08-03 00:00:00"
ON,Markham,Scarborough,"3636 Steeles Avenue E","Gong Cha Tea","2014-08-03 00:00:00"
ON,Toronto,Willowdale,"5510 yonge Street","Simple Way","2014-07-30 00:00:00"
ON,Toronto,Willowdale,"5455-5457 Yonge Street","Mabu Station","2014-07-28 00:00:00"
ON,Scarborough,Scarborough,"2190 Mcnicoll Avenue, Unit 119","Magic Noodle","2014-07-21 00:00:00"
ON,Markham,Milliken,"7389 McCowan Road, Units 1&2",7-Eleven,"2014-07-19 00:00:00"
ON,Toronto,"Downtown Core","185 Dundas Street W","Eat Fresh Be Healthy","2014-07-18 00:00:00"
ON,Unionville,Unionville,"4261 Highway 7 E","Smash Kitchen & Bar","2014-07-18 00:00:00"
ON,Toronto,"Downtown Core","185 Dundas Street W","Eat Fresh Be Healthy","2014-07-18 00:00:00"
ON,Toronto,"Discovery District","132 Dundas Street W","Chatime - Dundas","2014-07-17 00:00:00"
ON,Toronto,"Downtown Core","185 Dundas Street W","Eat Fresh Be Healthy","2014-07-17 00:00:00"
ON,Toronto,Scarborough,"1571 Sandhurst Circle",McDonald's,"2014-07-13 00:00:00"
ON,Toronto,"Mount Pleasant and Davisville","150 Eglinton Avenue E","Copacabana Brazilian Steak House","2014-07-12 00:00:00"
ON,Markham,"Brown's Corners","101 Town Centre Boulevard","Night It Up!","2014-07-12 00:00:00"
ON,Missisauga,,"209 Rathburn Road W","SCADDABUSH Italian Kitchen & Bar","2014-07-09 00:00:00"
ON,Toronto,Leslieville,"884 Queen Street E","Joy Bistro","2014-07-07 00:00:00"
ON,Toronto,Leslieville,"884 Queen Street E","Joy Bistro","2014-07-06 00:00:00"
ON,Toronto,Leslieville,"884 Queen Street E","Joy Bistro","2014-07-06 00:00:00"
ON,Markham,Scarborough,"4080 Steeles Avenue E, Unit 3-5","Fishman Wharf Seafood","2014-07-06 00:00:00"
ON,"Richmond Hill",,"324 Highway 7 E, Unit 7","Mama Bear Taiwanese Cuisine","2014-06-09 00:00:00"
ON,"Richmond Hill",,"324 Highway 7 E, Unit 7","Mama Bear Taiwanese Cuisine","2014-06-06 00:00:00"
ON,"Richmond Hill",,"324 Highway 7 E, Unit 7","Mama Bear Taiwanese Cuisine","2014-06-05 00:00:00"
ON,Markham,Unionville,"4476 16th Avenue","The Village Grocer","2014-06-01 00:00:00"
ON,Markham,Unionville,"Unit 8, 8362 Kennedy Road","Grand Lake Chinese Cuisine & Banquet","2014-06-01 00:00:00"
ON,Markham,Unionville,"118 Main Street N",Paintlounge,"2014-06-01 00:00:00"
ON,Toronto,Scarborough,"250 Alton Towers Circle, Unit B6/7","Sapporo Sushi","2014-05-26 00:00:00"
ON,Toronto,Scarborough,"250 Alton Towers Circle","Oriental Food Mart","2014-05-26 00:00:00"
ON,Toronto,Corktown,"Lower River Street","Corktown Commons","2014-05-26 00:00:00"
ON,Toronto,,"3555 Don Mills Road, Unit 11","Tasty BBQ Seafood Restaurant","2014-05-26 00:00:00"
ON,Toronto,,"3555 Don Mills Road, Unit 11","Tasty BBQ Seafood Restaurant","2014-05-26 00:00:00"
ON,Toronto,Leslieville,"920 Queen St E","Ed's Real Scoop","2014-05-25 00:00:00"
ON,Toronto,Greektown,"673 Danforth Avenue","Greenwood Smokehouse BBQ","2014-05-25 00:00:00"
ON,Toronto,,"203 Dundas Street E","Smoke's Poutinerie","2014-05-24 00:00:00"
ON,Markham,Scarborough,"3636 Steeles Avenue E",Sakana-Ya,"2014-05-20 00:00:00"
ON,Markham,Scarborough,"3636 Steeles Avenue E",Woodpecker,"2014-05-20 00:00:00"
ON,Markham,Unionville,"5000 Highway 7 East, Suite 1247","JOEY Markville","2014-05-16 00:00:00"
ON,Scarborough,Scarborough,"3278 Midland Avenue","La Mere Restaurant","2014-05-16 00:00:00"
ON,Markham,,"9990 Kennedy Rd","Symposium Cafe Restaurant & Lounge","2014-05-12 00:00:00"
ON,Markham,"Brown's Corners","3235 Highway 7 E","Aka Teppan","2014-05-10 00:00:00"
ON,Toronto,Willowdale,"173 Sheppard Avenue W","AT Escape","2014-05-03 00:00:00"
ON,Toronto,Willowdale,"173 Sheppard Avenue W","AT Escape","2014-05-03 00:00:00"
ON,Markham,"Brown's Corners","3235 Highway 7 E","Aka Teppan","2014-04-30 00:00:00"
ON,Toronto,Scarborough,"4020 Finch Avenue E","Steam House","2014-04-24 00:00:00"
ON,Markham,"Brown's Corners","280 Yorktech Drive, Unit 2","The One Bridal","2014-04-21 00:00:00"
ON,Toronto,Leslieville,"980 Queen St E",Skin+Bones,"2014-04-20 00:00:00"
ON,"Richmond Hill",,"175 West Beaver Creek, Unit 25 & 26","Amour Wedding Studio","2014-04-18 00:00:00"
ON,Markham,"Brown's Corners","3275 Highway 7 E","Cineplex Odeon First Markham Place Cinemas","2014-04-18 00:00:00"
ON,Toronto,Dovercourt,"205 Delaware Avenue","Bakerbots Baking","2014-04-18 00:00:00"
ON,Markham,"Brown's Corners","3000 Highway 7","Kiko Cafe","2014-04-18 00:00:00"
ON,Toronto,Corktown,"Lower River Street","Corktown Commons","2014-04-18 00:00:00"
ON,Toronto,"Downtown Core","5 Shuter Street","Diamonds For Less","2014-04-18 00:00:00"
ON,Markham,Langstaff,"7353 Yonge Street","Cho Sun Ok","2014-04-17 00:00:00"
ON,Unionville,Unionville,"198 Main Street","Old Country Inn Restaurant","2014-04-14 00:00:00"
ON,Toronto,Niagara,"111 Strachan Ave","Spadina Auto","2014-04-14 00:00:00"
ON,Toronto,Chinatown,"463 Dundas Street W","Rosewood Chinese Cuisine","2014-04-14 00:00:00"
ON,Toronto,Koreatown,"668 Bloor St W","KINTON RAMEN","2014-04-13 00:00:00"
ON,Toronto,Koreatown,"668 Bloor St W","KINTON RAMEN","2014-04-13 00:00:00"
ON,Markham,Milliken,"7710 Kennedy Road","Major Milliken Pub & Eatery","2014-04-11 00:00:00"
ON,Markham,,"20 Gibson Drive, Unit 111","Chatime Markham","2014-04-10 00:00:00"
ON,Scarborough,Scarborough,"3113 Sheppard Avenue E","Han Kang Restaurant","2014-04-07 00:00:00"
ON,Toronto,,"2075 Bayview Avenue","Sunnybrook Health Sciences Centre","2014-04-07 00:00:00"
ON,Toronto,"Downtown Core","5 Shuter Street","Diamonds For Less","2014-04-07 00:00:00"
ON,Scarborough,Scarborough,"2155 Mcnicoll Avenue","Brighton Convention and Event Centre","2014-03-31 00:00:00"
ON,Markham,"Brown's Corners","3255 Hwy 7 E, First Markham Place, Unit 166",Darizi,"2014-03-31 00:00:00"
ON,Toronto,Yorkville,"142 Cumberland St","Hemingway's Restaurant","2014-03-30 00:00:00"
ON,Markham,"Brown's Corners","3255 Hwy 7 E, First Markham Place, Unit 166",Darizi,"2014-03-30 00:00:00"
ON,Toronto,Riverdale,"97 Danforth Avenue","Tapas At Embrujo","2014-03-29 00:00:00"
ON,Toronto,Riverdale,"97 Danforth Avenue","Tapas At Embrujo","2014-03-29 00:00:00"
ON,Markham,Milliken,"4390 Steeles Avenue E","Sam's Congee Delight","2014-03-29 00:00:00"
ON,Toronto,Scarborough,"2190 McNicoll Avenue, Unit 109","0109 Dessert & Chocolate","2014-03-28 00:00:00"
ON,Scarborough,Scarborough,"2190 Mcnicoll Avenue, Unit 119","Magic Noodle","2014-03-27 00:00:00"
ON,"Richmond Hill",,"600 HWY-7 E","Sheraton Parkway Toronto North Hotel & Suites","2014-03-26 00:00:00"
ON,"Richmond Hill",,"600 HWY-7 E","Sheraton Parkway Toronto North Hotel & Suites","2014-03-26 00:00:00"
ON,Scarborough,Scarborough,"4188 Av Finch E","Cakeview Bakery & Cafe","2014-03-24 00:00:00"
ON,Toronto,Scarborough,"2130 Lawrence Ave E","Swiss Chalet Rotisserie & Grill","2014-03-23 00:00:00"
ON,"Richmond Hill",,"600 HWY-7 E","Sheraton Parkway Toronto North Hotel & Suites","2014-03-21 00:00:00"
ON,Toronto,"East York","50 Pottery Road","Fantasy Farm","2014-03-21 00:00:00"
ON,Markham,Milliken,"4121 Avenue 14th","The School Fine Dining","2014-03-20 00:00:00"
ON,Toronto,"East York","50 Pottery Road","Fantasy Farm","2014-03-20 00:00:00"
ON,Toronto,"East York","50 Pottery Road","Fantasy Farm","2014-03-20 00:00:00"
ON,Markham,"Brown's Corners","3000 Highway 7","Kiko Cafe","2014-03-20 00:00:00"
ON,Markham,Milliken,"4121 Avenue 14th","The School Fine Dining","2014-03-20 00:00:00"
ON,Markham,,"7850 Woodbine Avenue","Take One Karaoke & Lounge","2014-03-09 00:00:00"
ON,Markham,Milliken,"7600 Kennedy Road",McDonald's,"2014-03-09 00:00:00"
ON,Markham,"Brown's Corners","3175 Highway 7 East, Woodside Centre",Chapters,"2014-03-08 00:00:00"
ON,Toronto,"Downtown Core","60 Richmond Street E","Hawthorne Food and Drink","2014-03-05 00:00:00"
ON,Toronto,Scarborough,"3278 Midland Ave","Nine Up Sushi","2014-03-04 00:00:00"
ON,Toronto,Scarborough,"3278 Midland Avenue","Harbin Bbq","2014-03-04 00:00:00"
ON,Markham,Unionville,"5000 Highway 7, Unit 2130",Sephora,"2014-03-04 00:00:00"
ON,Toronto,Scarborough,"3278 Midland Avenue, Suite D120-D125","Health Gourmet","2014-03-04 00:00:00"
ON,Markham,"Brown's Corners","3000 Highway 7","Kiko Cafe","2014-03-03 00:00:00"
ON,Scarborough,Scarborough,"4186 Finch Avenue E","Sika Deer Chinese Cuisine","2014-02-26 00:00:00"
ON,Toronto,Scarborough,"4186 Finch Ave East, Unit 20","Chicken King","2014-02-25 00:00:00"
ON,Markham,Milliken,"4855 14th Ave","Golden Prince Seafood Chinese Restaurant","2014-02-19 00:00:00"
ON,Scarborough,Scarborough,"3447 Kennedy Rd","Ming's Noodle Cafe","2014-02-17 00:00:00"
ON,Willowdale,,"1019 Sheppard Avenue E","Canadian Tire","2014-02-16 00:00:00"
ON,Toronto,,"801 York Mills Rd","Swiss Chalet","2014-02-16 00:00:00"
ON,Markham,,"7025 Markham Road","Little Caesars","2014-02-15 00:00:00"
ON,Scarborough,Scarborough,"4186 Finch Avenue E","Sika Deer Chinese Cuisine","2014-02-12 00:00:00"
ON,Markham,Unionville,"5051 Highway 7, Suiite 2","Moksha Yoga Markham","2014-02-10 00:00:00"
ON,Markham,,"50 Esna Park Drive","Shangri-La Banquet Hall & Convention Centre","2014-02-09 00:00:00"
ON,Toronto,Corktown,"364 Queen Street E","Que Supper Club","2014-02-09 00:00:00"
ON,Toronto,Riverdale,"758 Queen Street E","The Comrade","2014-02-07 00:00:00"
ON,Toronto,Riverdale,"758 Queen Street E","The Comrade","2014-02-07 00:00:00"
ON,Toronto,Leslieville,"4 Greenwood Avenue","Chino Locos Original","2014-02-07 00:00:00"
ON,Toronto,"Downtown Core","18 King Street E, Unit 106","Prairie Girl Bakery","2014-02-07 00:00:00"
ON,Toronto,Dovercourt,"205 Delaware Avenue","Bakerbots Baking","2014-02-02 00:00:00"
ON,Markham,,"7130 Warden Avenue","Elegance Chinese Cuisine & Banquet","2014-02-02 00:00:00"
ON,Markham,"Brown's Corners","25 Lanark Road","Dragon Legend","2014-02-02 00:00:00"
ON,Toronto,Scarborough,"5651 Steeles Avenue E, Unit 28","Original Congee","2014-02-02 00:00:00"
ON,Markham,Milliken,"1181 Denison St","Canadian Chinese Table Tennis Association","2014-02-01 00:00:00"
ON,Markham,"Brown's Corners","3235 Highway 7 E, Unit 29","Tracy Dessert","2014-01-30 00:00:00"
ON,Markham,"Brown's Corners","3235 Highway 7 E, Unit 29","Tracy Dessert","2014-01-29 00:00:00"
ON,Unionville,Unionville,"186 Main Street","Il Postino Ristorante","2014-01-27 00:00:00"
ON,Unionville,Unionville,"170 Main Street","Old Firehall Confectionery","2014-01-26 00:00:00"
ON,Toronto,Scarborough,"2190 McNicoll Avenue, Unit 109","0109 Dessert & Chocolate","2014-01-25 00:00:00"
ON,"Richmond Hill",,"9021 Leslie Street","Inatei Japanese Cuisine","2014-01-24 00:00:00"
ON,"Richmond Hill",,"157 York Boulevard","Tilted Kilt Pub & Eatery","2014-01-24 00:00:00"
ON,Markham,,"7030 Warden Avenue","Green Grotto Tea Room","2014-01-22 00:00:00"
ON,Scarborough,Scarborough,"3740 Midland Avenue",Starbucks,"2014-01-21 00:00:00"
ON,Toronto,,"5647 Yonge Street, 2nd Floor","Orange Caramel Tea Cafe","2014-01-21 00:00:00"
ON,Markham,"Brown's Corners","3255 Highway 7 E, Unit 36","Oriental Recipes","2014-01-21 00:00:00"
ON,Toronto,Scarborough,"668 Silver Star Boulevard","Fu Kou Le Chinese Cuisine","2014-01-20 00:00:00"
ON,Markham,"Brown's Corners","3255 Highway 7 E","First Markham Place","2014-01-19 00:00:00"
ON,Markham,"Brown's Corners","3255 Highway 7 E","HKS BBQ & Noodle House","2014-01-19 00:00:00"
ON,Toronto,"Downtown Core","60 Richmond Street E","Hawthorne Food and Drink","2014-01-19 00:00:00"
ON,Toronto,Scarborough,"668 Silver Star Boulevard","Fu Kou Le Chinese Cuisine","2014-01-19 00:00:00"
ON,Markham,"Brown's Corners","3235 Highway 7 E, Unit 18A","Tasty Noodle House","2014-01-18 00:00:00"
ON,Toronto,Chinatown,"454 Spadina Avenue","Castle Board Game Cafe","2014-01-18 00:00:00"
ON,Toronto,Chinatown,"454 Spadina Avenue","Castle Board Game Cafe","2014-01-18 00:00:00"
ON,Toronto,"Downtown Core","60 Richmond Street E","Hawthorne Food and Drink","2014-01-17 00:00:00"
ON,Markham,"Brown's Corners","3255 Highway 7 E, Unit 36","Oriental Recipes","2014-01-12 00:00:00"
ON,Markham,Unionville,"5328 Highway 7 E","Oriental Gourmet","2014-01-12 00:00:00"
ON,Toronto,Palmerston,"736 Bathurst St.","Randolph Theatre","2014-01-10 00:00:00"
ON,Toronto,Koreatown,"612 Bloor Street W","Mom's Korean Food","2014-01-10 00:00:00"
ON,Toronto,Koreatown,"612 Bloor Street W","Mom's Korean Food","2014-01-10 00:00:00"
ON,Markham,"Brown's Corners","3623 Highway 7 E, Unit 115","Green Grotto Tea Room","2014-01-09 00:00:00"
ON,Toronto,"Church-Wellesley Village","16 Isabella Street","Ehwa J Bar","2014-01-08 00:00:00"
ON,"Richmond Hill",,"135 York Boulevard","Tsuki Izakaya","2014-01-08 00:00:00"
ON,Markham,,"20 Gibson Drive, Unit 111","Chatime Markham","2014-01-07 00:00:00"
ON,Toronto,Cabbagetown,"51B Winchester Street",Kingyo,"2014-01-06 00:00:00"
ON,Markham,,"505 Highway 7 E, Unit 61-63","Sweet Note Desserts","2014-01-06 00:00:00"
ON,Markham,,"398 Ferrier Street","Century Palace Chinese Restaurant","2014-01-02 00:00:00"
ON,Markham,Unionville,"Regional Road 7",McDonald's,"2014-01-02 00:00:00"
ON,Markham,,"7010 Warden Avenue","New Fortune Stone","2013-12-29 00:00:00"
ON,Markham,Milliken,"7077 Kennedy Road","Brothers Bakery","2013-12-20 00:00:00"
ON,Toronto,"Entertainment District","222 Richmond Street W",JaBistro,"2013-12-20 00:00:00"
ON,Markham,Unionville,"5701 Hwy 7","Peter's Fine Dining Steak and Seafood","2013-12-19 00:00:00"
ON,"Richmond Hill",,"225 High Tech Road","Bed Bath & Beyond","2013-12-13 00:00:00"
ON,Toronto,"The Beach","1918A Queen Street E","Moo Milk Bar","2013-12-12 00:00:00"
ON,Toronto,Chinatown,"254 Spadina Avenue","Celebrity Hotpot","2013-12-12 00:00:00"
ON,Toronto,"The Beach","2100 Queen Street E","Souvlaki Hut","2013-12-08 00:00:00"
ON,Toronto,"Little Portugal","229 Ossington Avenue","Yours Truly","2013-12-07 00:00:00"
ON,Toronto,"Discovery District","132 Dundas Street W","Chatime - Dundas","2013-11-22 00:00:00"
ON,Markham,Unionville,"5000 Highway 7 East, Suite 1247","JOEY Markville","2013-11-22 00:00:00"
ON,Toronto,Scarborough,"4675 Steeles Avenue East, Unit 1D1, 1D3,","Luv' IN Nails","2013-11-22 00:00:00"
ON,Markham,,"50 Bur Oak Avenue, Unit 7","Hohomi Rice and Noodle House","2013-11-21 00:00:00"
ON,Markham,Unionville,"5328 Highway 7 E","Oriental Gourmet","2013-11-15 00:00:00"
ON,Markham,Unionville,"5000 Highway 7 East, Suite 1247","JOEY Markville","2013-11-15 00:00:00"
ON,Markham,Unionville,"5000 Highway 7 East, Suite 1247","JOEY Markville","2013-11-14 00:00:00"
ON,Markham,,"20 Gibson Drive, Unit 111","Chatime Markham","2013-11-12 00:00:00"
ON,Markham,Unionville,"5701 Hwy 7","Peter's Fine Dining Steak and Seafood","2013-11-10 00:00:00"
ON,Toronto,"Church-Wellesley Village","620 Church St",O.Noir,"2013-11-07 00:00:00"
ON,Scarborough,Scarborough,"4186 Finch Avenue E","Double Ming Chinese Dessert","2013-11-05 00:00:00"
ON,Markham,Unionville,"Markham Town Square, 3760 Highway 7 E","Wonton Hut","2013-11-04 00:00:00"
ON,Scarborough,Scarborough,"633 Silver Star Boulevard, Unit 106","Ga Bin Korean Restaurant","2013-11-04 00:00:00"
ON,Markham,Unionville,"8392 Kennedy Road","Sweet Culture","2013-10-24 00:00:00"
ON,Scarborough,Scarborough,"4186 Finch Avenue E","Double Ming Chinese Dessert","2013-10-22 00:00:00"
ON,Markham,,"20 Gibson Drive, Unit 111","Chatime Markham","2013-10-21 00:00:00"
ON,Toronto,Leslieville,"1183 Queen Street E","Sandy Aleksander","2013-10-20 00:00:00"
ON,Markham,,"20 Gibson Drive, Unit 111","Chatime Markham","2013-10-18 00:00:00"
ON,Toronto,Willowdale,"5347 Yonge Street","Maru & Maru Sake Bar","2013-10-11 00:00:00"
ON,Toronto,Willowdale,"5347 Yonge Street","Maru & Maru Sake Bar","2013-10-11 00:00:00"
ON,Toronto,"Trinity Bellwoods","887 Dundas Street W","The Happy Hooker","2013-10-08 00:00:00"
ON,Toronto,"Alexandra Park","Scadding court Community centre","Kitchen Cargo","2013-10-08 00:00:00"
ON,Toronto,Leslieville,"1606 Queen Street  E","The Tulip","2013-10-04 00:00:00"
ON,Toronto,Leslieville,"1606 Queen Street  E","The Tulip","2013-10-04 00:00:00"
ON,Toronto,"St. Lawrence","38 Wellington Street E","Swish By Han","2013-10-04 00:00:00"
ON,Toronto,,"3600 Victoria Park Avenue, Unit Suite 1-7","Crown Prince Fine Dining & Banquet","2013-09-24 00:00:00"
ON,Toronto,Riverdale,"615 Gerrard Street E","Phoenix Bakery","2013-09-23 00:00:00"
ON,Markham,Unionville,"8601 Warden Avenue, Unit 30","Encore Karaoke & Lounge","2013-09-23 00:00:00"
ON,Markham,,"50 Bur Oak Avenue, Unit 7","Hohomi Rice and Noodle House","2013-09-22 00:00:00"
ON,Toronto,Riverdale,"598 Gerrard St E","Pho Mi Gia Phung","2013-09-19 00:00:00"
ON,Markham,,"5970 16th Avenue, Unit 110","Pa Pa Chang's","2013-09-18 00:00:00"
ON,Vaughan,Kleinburg,"21 Nashville Rd","The Doctor's House","2013-09-09 00:00:00"
ON,Toronto,Leslieville,"929 Queen Street E","Leslieville Pumps","2013-09-02 00:00:00"
ON,Toronto,"Mount Pleasant and Davisville","1526 Bayview Ave","Epi Breads","2013-09-01 00:00:00"
ON,Markham,,"Angus Glen Golf Club, 10080 Kennedy Road","Silo Grill","2013-09-01 00:00:00"
ON,Markham,,"7170  Warden Avenue, Unit 26-27","Utopia Dream Cafe","2013-09-01 00:00:00"
ON,Toronto,Scarborough,"680 Silver Star Boulevard","Fishman Lobster Clubhouse Restaurant","2013-09-01 00:00:00"
ON,Toronto,Scarborough,"3278 Midland Ave","Nine Up Sushi","2013-08-22 00:00:00"
ON,Toronto,"Downtown Core","40 Dundas St W","Yonge-Dundas Square","2013-08-20 00:00:00"
ON,Toronto,Ryerson,"10 Dundas Street E","Spring Sushi","2013-08-20 00:00:00"
ON,Toronto,Corktown,"364 Queen Street E","Que Supper Club","2013-08-19 00:00:00"
ON,Toronto,Corktown,"364 Queen Street E","Que Supper Club","2013-08-18 00:00:00"
ON,Stouffville,,"12772 Ninth Line","Timber Creek Golf","2013-08-17 00:00:00"
ON,Toronto,"Liberty Village","171 E Liberty Street, Unit 117","For The Love of Cake Custom Creations","2013-08-17 00:00:00"
ON,Toronto,,"1750 Saint Clair Avenue W","Pho Cuu Long Mien Tay","2013-08-11 00:00:00"
ON,Toronto,Willowdale,"4848 Yonge Street","Nomé Izakaya","2013-08-04 00:00:00"
ON,Toronto,Scarborough,"3278 Midland Avenue, Suite D120-D125","Health Gourmet","2013-08-04 00:00:00"
ON,Toronto,Scarborough,"3278 Midland Avenue, Suite D120-D125","Health Gourmet","2013-08-04 00:00:00"
ON,Markham,Unionville,"5261 Highway 7","Fresh A Fare","2013-08-04 00:00:00"
ON,Markham,,"7080 Warden Avenue, Building B, Unit 6",Starbucks,"2013-07-22 00:00:00"
ON,Markham,"Brown's Corners","3621 Highway 7","Pho Trend","2013-07-21 00:00:00"
ON,Toronto,"Distillery District","55 Mill Street","The Distillery District","2013-07-17 00:00:00"
ON,Toronto,"Distillery District","55 Mill Street","Bergo Designs","2013-07-17 00:00:00"
ON,Toronto,Corktown,"457 King Street E","Morning Glory Cafe","2013-07-17 00:00:00"
ON,Toronto,Corktown,"351 Queen St  E","Shoppers Drug Mart","2013-07-17 00:00:00"
ON,Toronto,"Downtown Core","20 Edward St","World's Biggest Bookstore","2013-07-17 00:00:00"
ON,Toronto,"Distillery District","55 Mill Street, The Distillery, Building 47","Soma Chocolatemaker","2013-07-17 00:00:00"
ON,Toronto,"Entertainment District","222 Richmond Street W",JaBistro,"2013-07-17 00:00:00"
ON,Scarborough,Scarborough,"4227 Sheppard Avenue E","Maple Yip Seafood Restaurant","2013-07-15 00:00:00"
ON,Toronto,Scarborough,"633 Silver Star Boulevard","Hung Fook Tong","2013-07-15 00:00:00"
ON,Scarborough,Scarborough,"3447 Kennedy Rd","Ming's Noodle Cafe","2013-07-14 00:00:00"
ON,"Richmond Hill",,"270 W Beaver Creek","Wasabi Japanese Buffet","2013-07-14 00:00:00"
ON,Markham,Unionville,"5221 Highway 7","Foody Mart","2013-07-14 00:00:00"
ON,Scarborough,Scarborough,"355 Bamburgh Cir","Foody Mart","2013-07-14 00:00:00"
ON,Markham,Unionville,"3997 Highway 7","Whole Foods Market","2013-07-14 00:00:00"
ON,Markham,Unionville,"5308 Highway 7, Suite 5 & 6","Congee Queen","2013-07-13 00:00:00"
ON,Markham,Unionville,"5308 Highway 7, Suite 5 & 6","Congee Queen","2013-07-13 00:00:00"
ON,Markham,Unionville,"3987 Highway 7, Unit 1","Panera Bread","2013-07-13 00:00:00"
ON,Markham,Unionville,"3987 Highway 7, Unit 1","Panera Bread","2013-07-13 00:00:00"
ON,Markham,Unionville,"5261 Highway 7","Fresh A Fare","2013-07-12 00:00:00"
ON,Markham,Unionville,"5261 Highway 7","Fresh A Fare","2013-07-12 00:00:00"
ON,Markham,Unionville,"166 Bullock Drive","Novello Desserts","2013-07-10 00:00:00"
ON,Markham,,"New Horizon Centre, 7070 Warden Avenue","T&T Supermarket","2013-07-08 00:00:00"
ON,Markham,,"7060 Warden Avenue","Shoppers Drug Mart","2013-07-08 00:00:00"
ON,Scarborough,Scarborough,"5005 Steeles Ave E","Kam Fai 38 Restaurant","2013-07-06 00:00:00"
ON,Toronto,"The Annex","208 Bloor Street W","OverEasy Restaurant","2013-07-06 00:00:00"
ON,Toronto,"Distillery District","55 Mill Street, The Distillery, Building 47","Soma Chocolatemaker","2013-07-04 00:00:00"
ON,Etobicoke,Etobicoke,"1025 The Queensway","Cineplex Odeon Queensway","2013-07-03 00:00:00"
ON,Toronto,"Distillery District","55 Mill Street, The Distillery, Building 47","Soma Chocolatemaker","2013-07-01 00:00:00"
ON,"Richmond Hill",,"280 W Beaver Creek Rd","Chingu Korean BBQ","2013-06-30 00:00:00"
ON,Markham,Unionville,"1 Raymerville Dr","Phoenix Restaurant","2013-06-28 00:00:00"
ON,"Richmond Hill",,"115 York Boulevard","Fox and Fiddle - Richmond Hill","2013-06-28 00:00:00"
ON,Markham,,"9580 McCowan Road",Sobeys,"2013-06-28 00:00:00"
ON,Markham,,"5970 16th Avenue, Unit 110","Pa Pa Chang's","2013-06-28 00:00:00"
ON,"Richmond Hill",,"165 York Boulevard",Destiny,"2013-06-27 00:00:00"
ON,Toronto,Yorkville,"94 Cumberland Street","My Pet Boutique","2013-06-25 00:00:00"
ON,Toronto,Yorkville,"108 Yorkville Avenue","Asuka Japanese Restaurant","2013-06-25 00:00:00"
ON,Toronto,Yorkville,"1250 Bay Street",Starbucks,"2013-06-25 00:00:00"
ON,Markham,Unionville,"5000 Highway 7 E",Walmart,"2013-06-23 00:00:00"
ON,Markham,Unionville,"3985 Highway 7 E, Unit 101","Second Cup","2013-06-23 00:00:00"
ON,"Richmond Hill","Brown's Corners","106 Highway 7","Dessert Kitchen","2013-06-23 00:00:00"
ON,Toronto,Leslieville,"908 Queen Street E",Starbucks,"2013-06-22 00:00:00"
ON,Toronto,Leslieville,"1402 Queen Street E, Unit 8","Queen Margherita Pizza","2013-06-22 00:00:00"
ON,Toronto,Riverdale,"639 Queen Street E","Mary MacLeod's Shortbread","2013-06-21 00:00:00"
ON,Toronto,Corktown,"457 King Street E","Morning Glory Cafe","2013-06-21 00:00:00"
ON,Toronto,Leslieville,"1402 Queen Street E, Unit 8","Queen Margherita Pizza","2013-06-21 00:00:00"
ON,Toronto,Corktown,"354 King Street E",Weezie's,"2013-06-21 00:00:00"
ON,Markham,"Brown's Corners","3601 Highway 7 E, Unit 119","Serissa Cate","2013-06-20 00:00:00"
ON,Scarborough,Scarborough,"4188 Av Finch E","Cakeview Bakery & Cafe","2013-06-18 00:00:00"
ON,Toronto,"Downtown Core","398 Church St","KINKA IZAKAYA ORIGINAL","2013-06-18 00:00:00"
ON,Toronto,Scarborough,"1802 Pharmacy Ave","Le Cafe Michi","2013-06-17 00:00:00"
ON,"Richmond Hill",,"1591 Elgin Mills Road E","Elgin Mills Cemetery Visitation Chapel and Reception","2013-06-16 00:00:00"
ON,"Richmond Hill",,"1480 Major Mackenzie Drive E, Unit 7","Kenny's Gourmet","2013-06-16 00:00:00"
ON,Scarborough,Scarborough,"3447 Kennedy Road","Allan's Pastry Shop","2013-06-16 00:00:00"
ON,Markham,Unionville,"8360 Kennedy Road, Unit 87-90","Raku Ramen & Izakaya","2013-06-16 00:00:00"
ON,Markham,,"3160 Steeles Avenue E, Unit 3","Izakaya Ju","2013-06-15 00:00:00"
ON,Scarborough,Scarborough,"5661 Steeles Avenue E","T & T Supermarket Milliken","2013-06-14 00:00:00"
ON,Markham,,"3160 Steeles Avenue E, Unit 3","Izakaya Ju","2013-06-14 00:00:00"
ON,Toronto,Scarborough,"4186 Finch Ave East, Unit 20","Chicken King","2013-06-12 00:00:00"
ON,Markham,"Brown's Corners","3229 Highway 7 E, Unit 3","Mi Hyang","2013-06-11 00:00:00"
ON,Toronto,Corktown,"105 Church Street","Golden Thai Restaurant","2013-06-10 00:00:00"
ON,Toronto,,"499 King Street W","Spice Route Asian Bistro + Bar","2013-06-09 00:00:00"
ON,Toronto,Corktown,"320 Richmond Street E, Unit 108","Sherbourne Animal Hospital","2013-06-09 00:00:00"
ON,Toronto,Riverdale,"696 Queen Street E","Prohibition Gastrohouse","2013-06-08 00:00:00"
ON,Scarborough,Scarborough,"4188 Finch Avenue E, Unit 1A","Full House Chinese Cuisine","2013-06-08 00:00:00"
ON,Toronto,"The Danforth","3003 Danforth Avenue",Target,"2013-06-08 00:00:00"
ON,Toronto,Corktown,"320 Richmond Street E, Unit 108","Sherbourne Animal Hospital","2013-06-08 00:00:00"
ON,Markham,Langstaff,"7353 Yonge Street","Cho Sun Ok","2013-06-07 00:00:00"
ON,Markham,,"7354 Woodbine Avenue","Hangover Sports Bar","2013-06-07 00:00:00"
ON,"Richmond Hill",,"360 Highway 7 E, Unit 1","Yoga Tree","2013-06-05 00:00:00"
ON,"Richmond Hill",,"360 Highway 7 E, Unit 1","Yoga Tree","2013-06-05 00:00:00"
ON,Toronto,,"3618 Victoria Park Ave","ABC Bakery Coffee Shop","2013-06-04 00:00:00"
ON,"Richmond Hill",,"1455 16th Avenue, Unit 10","My Yoga Studio","2013-06-03 00:00:00"
ON,Etobicoke,Etobicoke,"37A Stoffel Drive","401 Mini-Indy Go-Karts","2013-06-02 00:00:00"
ON,Toronto,Scarborough,"4188 Finch Avenue E, Unit 18 A","Hanabi Sushi","2013-06-02 00:00:00"
ON,Markham,Milliken,"7710 Kennedy Road","Major Milliken Pub & Eatery","2013-06-01 00:00:00"
ON,Scarborough,Scarborough,"633 Silver Star Boulevard, Unit 115","Destiny Tea Cafe","2013-06-01 00:00:00"
ON,Scarborough,Scarborough,"2101 Lawrence Avenue E","Diana's Seafood Delight","2013-06-01 00:00:00"
ON,Toronto,"Kensington Market","Kensington Avenue","Kensington Market","2013-06-01 00:00:00"
ON,Toronto,Scarborough,"3700 Midland Avenue, Unit 113-115","Go For Tea","2013-06-01 00:00:00"
ON,Toronto,Scarborough,"4733 Steeles Avenue E, Suite 1","Golden Elephant","2013-06-01 00:00:00"
ON,Toronto,Scarborough,"5651 Steeles Avenue E","Matsuda Japanese Cuisine","2013-06-01 00:00:00"
ON,Toronto,"Downtown Core","18 King Street E, Unit 106","Prairie Girl Bakery","2013-06-01 00:00:00"
ON,Markham,Milliken,"Market Village, 7131 Kennedy Road, Suite 8","Graceful Vegetarian Restaurant","2013-06-01 00:00:00"
ON,Scarborough,Scarborough,"2105 Lawrence Avenue E","Diana's Oyster Bar and Grill","2013-06-01 00:00:00"
ON,Markham,Unionville,"3985 Highway 7 E, Unit 101","Second Cup","2013-06-01 00:00:00"
ON,Markham,Unionville,"8360 Kennedy Road, Unit 87-90","Raku Ramen & Izakaya","2013-06-01 00:00:00"
ON,Toronto,,"2766 Victoria Park Avenue","Aoyama Sushi Restaurant","2013-05-31 00:00:00"
ON,Toronto,Corktown,"465 King St E","Kings' Deli Cafe","2013-05-31 00:00:00"
ON,Toronto,"Kensington Market","250 Augusta Avenue","Blue Banana Market","2013-05-31 00:00:00"
ON,Toronto,Rosedale,"1101 Yonge Street","All The Best Fine Foods","2013-05-31 00:00:00"
ON,Toronto,Rosedale,"1099 Yonge St","Nadege Patisserie","2013-05-31 00:00:00"
ON,Toronto,"Alexandra Park","170 Spadina Avenue","Come and Get It","2013-05-31 00:00:00"
ON,Markham,"Brown's Corners","3621 Highway 7 East, Unit 110","St. Louis Bar & Grill","2013-05-30 00:00:00"
ON,Toronto,"Distillery District","55 Mill Street, The Distillery, Building 47","Soma Chocolatemaker","2013-05-29 00:00:00"
ON,Toronto,"Financial District","The Fairmont Royal York, 100 Front Street W","EPIC Restaurant","2013-05-29 00:00:00"
ON,Scarborough,Scarborough,"3740 Midland Avenue",Starbucks,"2013-05-29 00:00:00"
ON,Toronto,Scarborough,"4186 Finch Avenue E","Yang's BBQ Restaurant","2013-05-29 00:00:00"
ON,Markham,"Brown's Corners","3601 Highway 7 E, Unit 119","Serissa Cate","2013-05-29 00:00:00"
ON,Toronto,Scarborough,"4190 Finch Avenue E","Finch Midland Medical Centre","2013-05-28 00:00:00"
ON,Toronto,,"10 Lower Jarvis Street",Loblaws,"2013-05-27 00:00:00"
ON,Markham,Milliken,"7077 Kennedy Road","Brothers Bakery","2013-05-24 00:00:00"
ON,Toronto,"Downtown Core","4 King Street W",Starbucks,"2013-05-24 00:00:00"
ON,Markham,Milliken,"7077 Kennedy Road","TD Canada Trust","2013-05-24 00:00:00"
ON,Scarborough,Scarborough,"3740 Midland Avenue",Starbucks,"2013-05-21 00:00:00"
ON,"Richmond Hill",,"420 Highway 7, Unit 26","K & K Cafe Restaurant","2013-05-20 00:00:00"
ON,"Richmond Hill","Brown's Corners","106 Highway 7","Dessert Kitchen","2013-05-20 00:00:00"
ON,Toronto,"The Danforth","3003 Danforth Avenue",Target,"2013-05-19 00:00:00"
ON,Toronto,"The Danforth","3003 Danforth Avenue",Target,"2013-05-19 00:00:00"
ON,"Richmond Hill","Brown's Corners","106 Highway 7","Dessert Kitchen","2013-05-19 00:00:00"
ON,Toronto,"Downtown Core","56 Yonge Street","Over Easy Restaurant","2013-05-12 00:00:00"
ON,Toronto,"Mount Pleasant and Davisville","Yonge and Castlefield","Sporting Life 10K","2013-05-12 00:00:00"
ON,Toronto,"St. Lawrence","St. Lawrence Market, 92-95 Front St","Freshly Squeezed","2013-05-10 00:00:00"
ON,Toronto,"St. Lawrence","125 Lower Jarvis Street","Global Pet Foods","2013-05-10 00:00:00"
ON,Scarborough,Scarborough,"4186 Finch Avenue E","Double Ming Chinese Dessert","2013-05-09 00:00:00"
ON,Toronto,Scarborough,"680 Silver Star Boulevard","Fishman Lobster Clubhouse Restaurant","2013-05-07 00:00:00"
ON,Thornhill,,"111 Times Avenue, Unit 101","Ten Ren's Tea","2013-05-06 00:00:00"
ON,"Richmond Hill",,"360 Highway 7 E, Unit 1","Yoga Tree","2013-05-06 00:00:00"
ON,Markham,"Brown's Corners","First Markham Place, 3255 Highway 7 East, Unit 27","A Place For Us","2013-05-05 00:00:00"
ON,Toronto,Willowdale,"19B Finch Avenue W","Ume Sushi","2013-05-05 00:00:00"
ON,Toronto,,"193 Carlton Street",Zakkushi,"2013-05-04 00:00:00"
ON,Scarborough,Scarborough,"3740 Midland Avenue",Starbucks,"2013-05-01 00:00:00"
ON,Toronto,Koreatown,"585 Bloor Street W","Ka Chi","2013-04-30 00:00:00"
ON,Toronto,Scarborough,"17 Milliken Boulevard","Very Fair","2013-04-27 00:00:00"
ON,Toronto,Scarborough,"Scarborough Town Centre, 300 Borough Drive","Coliseum Scarborough Cinema","2013-04-27 00:00:00"
ON,Markham,"Brown's Corners","3255 Hiway 7 E, Unit 27","Lambie Bubble Tea","2013-04-22 00:00:00"
ON,Toronto,Scarborough,"4675 Steeles Avenue East, Unit 1D1, 1D3,","Luv' IN Nails","2013-04-22 00:00:00"
ON,Toronto,Corktown,"354 King Street E",Weezie's,"2013-04-21 00:00:00"
ON,Toronto,Chinatown,"410 Spadina Ave","New Ho King","2013-04-21 00:00:00"
ON,Toronto,"Entertainment District","1 Blue Jays Way","Rogers Centre","2013-04-21 00:00:00"
ON,Toronto,"Entertainment District","1 Blue Jays Way","Toronto Blue Jays","2013-04-21 00:00:00"
ON,Toronto,"West Queen West","780 Queen Street W",Nadege,"2013-04-21 00:00:00"
ON,Toronto,Koreatown,"600 Bloor Street W","Snakes & Lattes Annex","2013-04-21 00:00:00"
ON,Toronto,Koreatown,"585 Bloor Street W","Ka Chi","2013-04-21 00:00:00"
ON,Toronto,"Entertainment District","373 King Street W",Starbucks,"2013-04-21 00:00:00"
ON,Toronto,,"563 Bloor Street W","Insomnia Restaurant & Lounge","2013-04-20 00:00:00"
ON,Toronto,"Discovery District","132 Dundas Street W","Chatime - Dundas","2013-04-20 00:00:00"
ON,Markham,,"7333 Woodbine Avenue",Starbucks,"2013-04-18 00:00:00"
ON,Markham,"Brown's Corners","3229 Highway 7, Unit 2","Firefly Seafood & Steak House","2013-04-18 00:00:00"
ON,"North York",Willowdale,"4841 Yonge Street","Mirage Grill & Lounge","2013-04-17 00:00:00"
ON,Toronto,Willowdale,"4848 Yonge Street","Nomé Izakaya","2013-04-17 00:00:00"
ON,Markham,Milliken,"4390 Steeles Avenue E","Sam's Congee Delight","2013-04-15 00:00:00"
ON,Unionville,Unionville,"201 Main Street",Starbucks,"2013-04-11 00:00:00"
ON,Toronto,Scarborough,"1802 Pharmacy Ave","Le Cafe Michi","2013-04-11 00:00:00"
ON,Toronto,,"390 Dupont Street","Dish Cooking Studio","2013-04-11 00:00:00"
ON,Unionville,Unionville,"170 Main Street","Old Firehall Confectionery","2013-04-11 00:00:00"
ON,Toronto,Scarborough,"3241 Kennedy Road","Hot Yoga Wellness Kennedy","2013-04-11 00:00:00"
ON,Toronto,Scarborough,"3280 Midland Ave E, Unit 27-28","Made In China Hot Pot","2013-04-11 00:00:00"
ON,Unionville,Unionville,"139 Main Street","The Dragon Bistro","2013-04-11 00:00:00"
ON,Scarborough,Scarborough,"681 Silver Star Boulevard","Michael's No Frills","2013-04-11 00:00:00"
ON,Scarborough,Scarborough,"4188 Av Finch E","Cakeview Bakery & Cafe","2013-04-08 00:00:00"
ON,Scarborough,Scarborough,"4188 Av Finch E","Cakeview Bakery & Cafe","2013-04-07 00:00:00"
ON,Scarborough,Scarborough,"3278 Midland Avenue","La Mere Restaurant","2013-04-07 00:00:00"
ON,Markham,,"2800 John Street, Unit 25","Bheda Yoga","2013-04-07 00:00:00"
ON,Toronto,Scarborough,"4186 Finch Avenue E, Unit 27","Restaurant Fifty Nine","2013-04-06 00:00:00"
ON,Scarborough,Scarborough,"3447 Kennedy Road","Allan's Pastry Shop","2013-04-03 00:00:00"
ON,Toronto,Scarborough,"3250 Midland Avenue","Aberdeen Delicatessen","2013-04-02 00:00:00"
ON,Toronto,Scarborough,"3250 Midland Avenue","Aberdeen Delicatessen","2013-04-02 00:00:00"
ON,Mississauga,,"6900 Airport Road","The International Centre","2013-04-01 00:00:00"
ON,Markham,Milliken,"4855 14th Ave","Golden Prince Seafood Chinese Restaurant","2013-03-31 00:00:00"
ON,Vaughan,Edgeley,"120 Interchange Way","Dave & Buster's","2013-03-30 00:00:00"
ON,Woodbridge,,"40 Colossus Drive","Earls Kitchen + Bar","2013-03-30 00:00:00"
ON,Markham,"Brown's Corners","3229 Highway 7 E, Unit 3","Mi Hyang","2013-03-29 00:00:00"
ON,Toronto,Greektown,"445 Danforth Avenue","Messini Authentic Gyros","2013-03-28 00:00:00"
ON,Toronto,Riverdale,"639 Queen Street E","Mary MacLeod's Shortbread","2013-03-28 00:00:00"
ON,Woodbridge,,"1 Bass Pro Mills Drive, Vaughan Mills Shopping Centre","We Bake in Heels","2013-03-27 00:00:00"
ON,Thornhill,,"111 Times Avenue, Unit 101","Ten Ren's Tea","2013-03-26 00:00:00"
ON,Markham,Unionville,"Markham Town Square, 8601 Warden Avenue, Unit 16","Felix & Mr Norton","2013-03-26 00:00:00"
ON,Markham,"Brown's Corners","3229 Highway 7 E, Unit 11-12","VIP Vietnamese Restaurant","2013-03-26 00:00:00"
ON,Markham,,"7010 Warden Avenue","Ajisen Ramen","2013-03-26 00:00:00"
ON,Scarborough,Scarborough,"3447 Kennedy Road","Allan's Pastry Shop","2013-03-26 00:00:00"
ON,Markham,,"5995 14th Avenue","Bulk Barn","2013-03-26 00:00:00"
ON,Toronto,"High Park","390 Roncesvalles Avenue","Lardon Restaurant","2013-03-26 00:00:00"
ON,Markham,Unionville,"8390 Kennedy Rd","Gloucester Bakery","2013-03-25 00:00:00"
ON,Markham,Unionville,"5051 Highway 7, Suiite 2","Moksha Yoga Markham","2013-03-25 00:00:00"
ON,"North York",,"1800 Sheppard Avenue E","CF Fairview Mall","2013-03-25 00:00:00"
ON,"North York",,"747 Don Mills Road",McDonald,"2013-03-25 00:00:00"
ON,Toronto,,"770 Don Mills Road","Ontario Science Centre","2013-03-25 00:00:00"
ON,Markham,"Brown's Corners","3175 Highway 7 East, Woodside Centre",Chapters,"2013-03-25 00:00:00"
ON,Toronto,"Downtown Core","King Street","504 King Streetcar","2013-03-25 00:00:00"
ON,Markham,"Brown's Corners","3601 Highway 7 E, Unit 119","Serissa Cate","2013-03-25 00:00:00"
ON,Toronto,Rosedale,"1099 Yonge St","Nadege Patisserie","2013-03-25 00:00:00"
ON,"North York",,"5714 Yonge Street","Finch Subway Station","2013-03-25 00:00:00"
ON,"North York",,"5714 Yonge Street","Finch Subway Station","2013-03-25 00:00:00"
ON,Woodbridge,,"1 Bass Pro Mills Drive, Vaughan Mills Shopping Centre","We Bake in Heels","2013-03-25 00:00:00"
ON,Toronto,Scarborough,"4186 Finch Avenue E","Korean Restaurant OUR","2013-03-25 00:00:00"
ON,Markham,Unionville,"8360 Kennedy Road, Unit 87-90","Raku Ramen & Izakaya","2013-03-25 00:00:00"
ON,Scarborough,Scarborough,"2057 Lawrence Avenue E","Pho Metro","2013-03-24 00:00:00"
ON,Toronto,Scarborough,"2543 Warden Avenue","Little Sheep Mongolian Hot Pot","2013-03-24 00:00:00"
ON,Scarborough,Scarborough,"5183 Av Sheppard E","Chinese Cultural Centre","2013-03-23 00:00:00"
ON,Toronto,"Queen Street West","350 Queen Street W",Spoof,"2013-03-23 00:00:00"
ON,Toronto,"High Park","390 Roncesvalles Avenue","Lardon Restaurant","2013-03-23 00:00:00"
ON,Markham,"Brown's Corners","3175 Highway 7 East, Woodside Square Chapters",Starbucks,"2013-03-22 00:00:00"
ON,"Richmond Hill",,"125-135 York Boulevard","The Melting Pot","2013-03-22 00:00:00"
ON,Toronto,Scarborough,"3517 Kennedy Road, Unit 3","Nichiban Sushi4U","2013-03-22 00:00:00"
ON,Toronto,,"Fairview Mall, 1800 Sheppard Avenue E","Norma Reed","2013-03-22 00:00:00"
ON,Toronto,,"Fairview Mall, 1800 Sheppard Avenue E","Norma Reed","2013-03-21 00:00:00"
ON,Toronto,Scarborough,"3517 Kennedy Road, Unit 3","Nichiban Sushi4U","2013-03-21 00:00:00"
ON,Toronto,Scarborough,"4190 Finch Avenue E","Finch Midland Medical Centre","2013-03-21 00:00:00"
ON,Toronto,Scarborough,"4190 Finch Avenue E","Finch Midland Medical Centre","2013-03-20 00:00:00"
ON,Markham,"Brown's Corners","171 Town Centre Blvd","Flato Markham Theatre","2013-03-19 00:00:00"
ON,Toronto,Scarborough,"4188 Finch Avenue E, Unit 2","Vietnam Noodle Star","2013-03-15 00:00:00"
ON,Markham,,"7010 Warden Avenue","New Fortune Stone","2013-03-15 00:00:00"
ON,Toronto,Scarborough,"2543 Warden Avenue","Little Sheep Mongolian Hot Pot","2013-03-14 00:00:00"
ON,Scarborough,Scarborough,"4188 Av Finch E","Cakeview Bakery & Cafe","2013-03-11 00:00:00"
ON,Markham,,"7010 Warden Avenue","New Fortune Stone","2013-03-10 00:00:00"
